Date,Close,High,Low,Open,Volume
2018-01-02,40.2670783996582,40.27643070005527,39.565805677893536,39.776189634537445,102223600
2018-01-03,40.260066986083984,40.80238628352514,40.19695500765061,40.33019497342311,118071600
2018-01-04,40.44707107543945,40.54992497445396,40.22500210267125,40.3325285848356,89738400
2018-01-05,40.907562255859375,40.99405138894915,40.451735846951074,40.54290112873273,94640000
2018-01-08,40.7556266784668,41.050159881448366,40.65744537728277,40.7556266784668,82271200
2018-01-09,40.75094223022461,40.92158419321893,40.5358857749913,40.80236916156911,86336000
2018-01-10,40.74159622192383,40.743936079890894,40.440050593275295,40.477452652181725,95839600
2018-01-11,40.9730224609375,41.02211311511454,40.7883555686387,40.81172918317203,74670800
2018-01-12,41.3961296081543,41.459245154422774,41.0595181171993,41.18340935111223,101672400
2018-01-16,41.18574523925781,41.933768721013166,41.17405664783749,41.585468671088606,118263600
2018-01-17,41.86597442626953,41.90103662850465,40.923931879747094,41.17638686955348,137547200
2018-01-18,41.90339279174805,42.09975191795537,41.66729886206849,41.929106274533616,124773600
2018-01-19,41.716365814208984,41.97817307780297,41.4709197211614,41.75142801313444,129700400
2018-01-22,41.375091552734375,41.55742217931307,41.28158994771982,41.44521953992409,108434400
2018-01-23,41.38444137573242,41.9454617211586,41.33301798842127,41.44522063076343,130756400
2018-01-24,40.725242614746094,41.44521633156787,40.48680890350173,41.433527740131495,204420400
2018-01-25,39.99826431274414,40.89589266839285,39.862684472538135,40.793038750522214,166116000
2018-01-26,40.09177017211914,40.20631269584493,39.75282231915957,40.20631269584493,156572000
2018-01-29,39.26191329956055,39.77617911278078,39.05386925647732,39.77617911278078,202561600
2018-01-30,39.03049850463867,39.124000098125286,38.499867866116375,38.693887061115404,184192800
2018-01-31,39.13801956176758,39.37411693794769,38.92062678192371,39.00711592226718,129915600
2018-02-01,39.21983337402344,39.41618881952679,38.981399723422854,39.07724115522439,188923200
2018-02-02,37.51808166503906,38.990754742832486,37.42458008451683,38.803748014931365,346375200
2018-02-05,36.58073806762695,38.30820705927742,36.46619552837248,37.19084571241062,290954000
2018-02-06,38.1094856262207,38.270778874823534,35.998655648541124,36.19267480505928,272975200
2018-02-07,37.293670654296875,38.19597476327134,37.18380790882007,38.12351050765929,206434400
2018-02-08,36.26749038696289,37.63497378025573,36.23944061622308,37.469004314043325,217562000
2018-02-09,36.71108627319336,37.0584569628266,35.262922282513344,36.86599613070262,282690400
2018-02-12,38.189762115478516,38.466718895803275,36.96926416827277,37.20162894435836,243278000
2018-02-13,38.57233428955078,38.66856648297439,37.9409622819946,38.011376169411854,130196800
2018-02-14,39.283512115478516,39.32341248785229,38.22966380983118,38.26721478410091,162579600
2018-02-15,40.60260009765625,40.62606901581881,39.666103234935505,39.85152308844231,204588800
2018-02-16,40.47114944458008,41.03211125006785,40.31624316123592,40.454721563931344,160704400
2018-02-20,40.335018157958984,40.900667983713674,40.23409073734247,40.381959561813375,135722000
2018-02-21,40.151947021484375,40.867811539145606,40.13786137607023,40.56503641863772,149886400
2018-02-22,40.48756790161133,40.8278974662437,40.30214815196426,40.323271240899,123967600
2018-02-23,41.19170379638672,41.22690894826849,40.73166951720412,40.762183036434294,135249600
2018-02-26,42.006160736083984,42.10473876856565,41.358360702033096,41.39122004619365,152648800
2018-02-27,41.87002182006836,42.36056609144427,41.816039387401,42.036667914040706,155712400
2018-02-28,41.8066520690918,42.39342858513631,41.790224188970356,42.07422201715211,151128400
2018-03-01,41.07434844970703,42.19626465227854,40.52512659282956,41.90522226538842,195208000
2018-03-02,41.35835647583008,41.37947957033199,40.47584232615504,40.55799246886187,153816000
2018-03-05,41.50152587890625,41.71745917963857,40.96169083637588,41.12364170727491,113605600
2018-03-06,41.46632385253906,41.837167053383304,41.33958169646813,41.75736630395347,95154000
2018-03-07,41.08140182495117,41.27386626316505,40.903023033099316,41.0602787275082,126814000
2018-03-08,41.529701232910156,41.57194742905669,41.090793481964944,41.187022122543205,95096400
2018-03-09,42.24321746826172,42.2479126835741,41.63531780640628,41.76910458230956,128740800
2018-03-12,42.651607513427734,42.808863174580104,42.29719582170219,42.31596951674786,128828400
2018-03-13,42.24087142944336,43.069399648429766,42.069533676140765,42.855812120337546,126774000
2018-03-14,41.88175964355469,42.36995811673612,41.73389082089603,42.32301671345703,117473600
2018-03-15,41.93105697631836,42.30424963868147,41.79492794839765,41.89585181071824,90975200
2018-03-16,41.78318405151367,42.04136357525891,41.68929765809745,41.931049301369676,157618800
2018-03-19,41.144771575927734,41.65409318133053,40.759846310114575,41.61888802159753,133787200
2018-03-20,41.130699157714844,41.4968472304036,41.06028524033609,41.130699157714844,78597600
2018-03-21,40.198890686035156,41.09548343216158,40.196541287634304,41.08374718435731,148219600
2018-03-22,39.63088607788086,40.52982452051389,39.57220842812468,39.90080183419946,165963200
2018-03-23,38.713165283203125,39.88202301847782,38.713165283203125,39.522916102330775,164115200
2018-03-26,40.55095291137695,40.62840784209897,39.06523432694473,39.4478137655839,150164800
2018-03-27,39.51118087768555,41.10955946368787,39.177892261077965,40.764534600998445,163690400
2018-03-28,39.07462692260742,39.90550460608626,38.77185176834323,39.25535512087376,166674000
2018-03-29,39.37974548339844,40.31154688271614,39.173199002522075,39.386786515119255,153594000
2018-04-02,39.12156677246094,39.65201509761951,38.60285827668735,39.11217992291302,150347200
2018-04-03,39.52291488647461,39.60741083952156,38.6990820303163,39.34688194941007,121112000
2018-04-04,40.27870178222656,40.37258462596471,38.67328151705817,38.6990998362963,138422000
2018-04-05,40.5579948425293,40.89362930170126,40.38900291382461,40.50635822090288,107732800
2018-04-06,39.52057647705078,40.482887897857516,39.478326701909054,40.12847614077942,140021200
2018-04-09,39.91254806518555,40.62606688890287,39.865606649917375,39.87264768313758,116070800
2018-04-10,40.66361999511719,40.83965298210904,40.25991739177053,40.60494233278657,113634400
2018-04-11,40.47349548339844,40.820866160421915,40.29980835418697,40.42420468274402,89726400
2018-04-12,40.87250900268555,41.07436028792793,40.61432587688714,40.70117124541933,91557200
2018-04-13,41.01099395751953,41.271522941878665,40.80445100533072,41.02273020718267,100497200
2018-04-16,41.26683044433594,41.35367224350645,41.03446559890611,41.08140701517665,86313600
2018-04-17,41.8348274230957,41.9991241613357,41.40530650508239,41.42408378679558,106421600
2018-04-18,41.740936279296875,41.97095526813903,41.515616087100334,41.733895247128224,83018000
2018-04-19,40.5579948425293,41.16589447365878,40.525135499803376,40.78331502653571,139235200
2018-04-20,38.89624786376953,40.187156394272286,38.82817977203165,40.041636942336396,261964400
2018-04-23,38.7835807800293,39.17789286841588,38.513661441560345,39.156769773980784,146062000
2018-04-24,38.24375534057617,39.03942433112402,37.840052720688725,38.88451443668804,134768000
2018-04-25,38.41038131713867,38.82582000686568,38.11934251782164,38.16862972933229,113528400
2018-04-26,38.544185638427734,38.89859745277348,38.344680140899015,38.52071313940064,111852000
2018-04-27,38.09823226928711,38.56999935976334,37.70157072022894,38.49254441988215,142623200
2018-04-30,38.78828430175781,39.25770564498742,37.98557423460327,38.05364233495592,169709600
2018-05-01,39.68956756591797,39.71303647925035,38.79062545495093,39.05819542045914,214277600
2018-05-02,41.44285583496094,41.719812647104675,40.792706415671205,41.12834088273352,266157600
2018-05-03,41.51795196533203,41.66112555415438,40.942911793681255,41.280895582468375,136272800
2018-05-04,43.1468505859375,43.245428609444815,41.81838771321594,41.8371649912268,224805200
2018-05-07,43.459022521972656,44.04814493310454,43.36279030101084,43.46371415611706,169805600
2018-05-08,43.66790008544922,43.70780045059003,43.10928781068014,43.419107466689546,113611200
2018-05-09,43.975364685058594,43.98475153036664,43.47308429821495,43.78524973033437,92844800
2018-05-10,44.604400634765625,44.68185556216297,44.04344244670562,44.064569122468185,111957200
2018-05-11,44.43476486206055,44.7811202353957,44.16616310265883,44.64682115330001,104848800
2018-05-14,44.33108901977539,44.65623981059255,44.26276205405801,44.53371864959899,83115200
2018-05-15,43.92818832397461,44.076627354090526,43.612464172969005,44.008296792998124,94780800
2018-05-16,44.338157653808594,44.404133352868826,43.82451718880194,43.841012012369504,76732400
2018-05-17,44.05776596069336,44.51014751846301,43.90932697002195,44.29573644198409,69176000
2018-05-18,43.897552490234375,44.25097597581326,43.85514339766552,44.10489541890773,73190800
2018-05-21,44.20857238769531,44.594981969565396,44.0389288058782,44.29574904119214,73603200
2018-05-22,44.097835540771484,44.50309483483212,44.008300423764275,44.385286984121706,60962800
2018-05-23,44.38056182861328,44.4135478742075,43.767959730195656,43.90697568932282,80233600
2018-05-24,44.33108901977539,44.49366441518397,43.873997617810524,44.47717318699425,92936000
2018-05-25,44.432403564453125,44.68451046232307,44.21327912142766,44.3499366417125,69844000
2018-05-29,44.27219009399414,44.47246488387322,44.02950620237712,44.20150825776424,90056400
2018-05-30,44.17794418334961,44.295752034505206,44.00830059006872,44.229779925474894,74762000
2018-05-31,44.029510498046875,44.34994803599016,43.857512021089384,44.1119774419747,109931200
2018-06-01,44.82353591918945,44.82824564504332,44.23685148143154,44.293400548573096,93770000
2018-06-04,45.19814682006836,45.57277480962884,45.08505232411239,45.15337927504996,105064800
2018-06-05,45.54685592651367,45.69529492083813,45.323021801643335,45.490310477406545,86264000
2018-06-06,45.7047233581543,45.72828636153599,45.21935568825165,45.62226003673747,83734400
2018-06-07,45.58221435546875,45.756567670436446,45.318322329900795,45.74243130384017,85388800
2018-06-08,45.16753005981445,45.23821549056052,44.71279347355301,45.04265402342088,106627200
2018-06-11,45.05678176879883,45.23113865191412,44.816456383543546,45.08505809281272,73234000
2018-06-12,45.30418395996094,45.381937568012425,45.0379370834704,45.09448614256514,67644400
2018-06-13,44.93190383911133,45.445547826799476,44.87064506424611,45.33716304565847,86553600
2018-06-14,44.95546340942383,45.136888453145275,44.8188059111202,45.13217513383571,86440400
2018-06-15,44.4936637878418,44.8046782086226,44.357006263123864,44.7740470200036,246876800
2018-06-18,44.4701042175293,44.5831987359482,44.107254061254174,44.26747459129005,73939600
2018-06-19,43.75147247314453,43.90226635171033,43.2236921005594,43.62188314112478,134314000
2018-06-20,43.942317962646484,44.10724819574322,43.76089290863536,43.90697705384341,82514800
2018-06-21,43.69728469848633,44.37821385591246,43.57476354074038,44.119035175144084,102847600
2018-06-22,43.5700569152832,43.8598632336105,43.51822117116477,43.852795049886204,108801600
2018-06-25,42.92211151123047,43.5700546843232,42.58282432899554,43.21191781471853,126652400
2018-06-26,43.454593658447266,43.94938797353978,43.009280212947836,43.115310134188796,98276800
2018-06-27,43.3909797668457,44.12609945793199,43.360348581313914,43.64308664748483,101141200
2018-06-28,43.706703186035156,43.873991879852326,43.306157299059485,43.37684271328096,69460800
2018-06-29,43.61481475830078,44.104895760187524,43.096461027816034,43.89283951007356,90950800
2018-07-02,44.10253143310547,44.13080775314985,43.21661796791336,43.31086637604602,70925200
2018-07-03,43.334449768066406,44.28398098492946,43.244914629583356,44.246281600809105,55819200
2018-07-05,43.68314743041992,43.92112157794117,43.41925900843449,43.65016137767174,66416800
2018-07-06,44.2886848449707,44.39706605714836,43.63602832826301,43.68786407155159,69940800
2018-07-09,44.90363693237305,44.92719634335544,44.6020491482026,44.649171565377365,79026400
2018-07-10,44.84944534301758,45.06856619589097,44.80938751433222,44.934267130145,63756400
2018-07-11,44.267478942871094,44.71514733555964,44.20386169710242,44.41355952665594,75326000
2018-07-12,45.009666442871094,45.09920155846209,44.60440715522057,44.65624289633007,72164400
2018-07-13,45.080360412597656,45.200523146913156,44.97904377388345,45.02145647701362,50055600
2018-07-16,44.981388092041016,45.39135705389442,44.8659351203138,45.125113793493355,60172400
2018-07-17,45.108619689941406,45.207577840766284,44.57848442788754,44.708073766542675,62138000
2018-07-18,44.86124038696289,45.19110461633265,44.7505006893787,45.18639129435574,65573600
2018-07-19,45.20994567871094,45.367807780295486,44.69394667468397,44.69394667468397,81147200
2018-07-20,45.106266021728516,45.33952324227363,44.80703310367688,45.18637448948724,82704800
2018-07-23,45.14632034301758,45.22878726865295,44.66330748260312,44.92719589230041,63957600
2018-07-24,45.47383117675781,45.629338405290476,45.24999697549978,45.344241819647266,74791600
2018-07-25,45.90264892578125,45.90971710862951,45.33952399399678,45.487963024230176,66839600
2018-07-26,45.758914947509766,46.17124231679987,45.61754412566942,45.85315976526376,76304000
2018-07-27,44.997867584228516,45.989810870841495,44.79052829496707,45.942688468518845,96096000
2018-07-30,44.74577713012695,45.2853354853208,44.547860810814726,45.21465005836353,84118000
2018-07-31,44.835304260253906,45.271194687816894,44.61147009280662,44.83766271788807,157492000
2018-08-01,47.4765739440918,47.53783274522755,46.48934336972282,46.91816576330624,271742800
2018-08-02,48.86432647705078,49.09758725034946,47.205593985888,47.25978457536614,249616000
2018-08-03,49.005706787109375,49.182418547865296,48.41430912684515,48.7795141514494,133789600
2018-08-06,49.26016616821289,49.30257525994022,48.78893486345839,49.00805569446865,101701600
2018-08-07,48.79835891723633,49.36148019425983,48.71589199911434,49.31907110165512,102349600
2018-08-08,48.831356048583984,48.963300271358555,48.188126164952756,48.548617914751276,90102000
2018-08-09,49.21541213989258,49.427464847205165,48.81957586564242,49.36856091792828,93970400
2018-08-10,49.068809509277344,49.44002519266483,48.86546923859156,49.0286148009558,98444800
2018-08-13,49.38564682006836,49.87744668704269,49.10901007136139,49.4896818929809,103563600
2018-08-14,49.59370422363281,49.785221646005944,49.24140438229996,49.69064629919543,82992000
2018-08-15,49.709564208984375,49.82778520144578,49.25795915190542,49.46839237417397,115230400
2018-08-16,50.43781661987305,50.55367090797726,50.00039741215219,50.066600893302926,114001600
2018-08-17,51.44504928588867,51.53253166882398,50.39997610944165,50.466179578876776,141708000
2018-08-20,50.94379425048828,51.82335515995268,50.86103810842803,51.568000978126,121150800
2018-08-21,50.844486236572266,51.35283870270329,50.60568111471057,51.26062646675485,104639200
2018-08-22,50.84685134887695,51.15658978265497,50.560754949723034,50.62223217694636,76072400
2018-08-23,50.950889587402344,51.31973854252035,50.74045634465841,50.75227555879988,75532800
2018-08-24,51.10930633544922,51.28427111585805,50.861041500529375,51.21334139829706,73905600
2018-08-27,51.530174255371094,51.71932859234506,51.14950246004533,51.34338303977495,82100400
2018-08-28,51.946319580078125,52.14493004352953,51.76189506289904,51.78317398230751,91107200
2018-08-29,52.72183609008789,52.84242381895519,51.877740027109745,52.052704797907644,109019200
2018-08-30,53.20655059814453,53.9702573574271,52.58470689450583,52.78568406644188,195175200
2018-08-31,53.821292877197266,54.11447864417697,53.43589126797498,53.556475387508385,173360400
2018-09-04,53.9938850402832,54.187765567505224,53.58484146792699,54.005707859608215,109560400
2018-09-05,53.641597747802734,54.30363609852174,53.22309798700196,54.14285726319419,133332000
2018-09-06,52.750213623046875,53.75509216076385,52.32461728550888,53.49027465750758,137160000
2018-09-07,52.32461929321289,53.286936430190956,52.18511936850075,52.45466312464746,150479200
2018-09-10,51.622379302978516,52.45465610496239,51.18259706413789,52.24185615259656,158066000
2018-09-11,52.92755126953125,53.033949464303724,51.2038868045044,51.54672703557977,142996000
2018-09-12,52.270240783691406,53.19945622059127,51.97941449205581,53.18527027618349,197114800
2018-09-13,53.532840728759766,53.99153884293053,52.6249042019705,52.84952340827975,166825600
2018-09-14,52.92517852783203,53.63450455616086,52.613076951433094,53.37678363174455,127997200
2018-09-17,51.51598358154297,52.714742633075524,51.371753818722354,52.5255883134687,148780400
2018-09-18,51.60111618041992,52.45467215648945,51.33629862140528,51.49471436776805,126286800
2018-09-19,51.6318473815918,51.9273999330875,50.90597219118434,51.662586001449505,108495200
2018-09-20,52.02433395385742,52.55632846390417,51.81626383542605,52.07398836223533,106435200
2018-09-21,51.46398162841797,52.33881656256204,51.376495609529805,52.20167972953972,384986800
2018-09-24,52.20403289794922,52.31516093786843,51.2204368199305,51.26536138174706,110773600
2018-09-25,52.53504943847656,52.68400905547717,51.946307549786276,51.958130371548314,98217600
2018-09-26,52.116546630859375,52.903898945307674,51.96049404071963,52.25368342754412,95938800
2018-09-27,53.18762969970703,53.53992959522191,52.85424559802705,52.9204526803586,120724800
2018-09-28,53.374427795410156,53.398069834890045,52.967747195035955,53.14980496952614,91717600
2018-10-01,53.73380661010742,54.24452218637405,53.51864713609809,53.89695216428858,94403200
2018-10-02,54.21143341064453,54.38167197676256,53.58486341577916,53.731456333562136,99152800
2018-10-03,54.87109375,55.202111089246685,54.329639578452706,54.39347992524257,114619200
2018-10-04,53.90642166137695,54.93730909364432,53.60850238383533,54.566093361412044,128168000
2018-10-05,53.03158187866211,54.00572550581806,52.15438395852076,53.899327312763546,134322000
2018-10-08,52.908634185791016,53.15216918862936,52.06453440498348,52.53978519538805,118655600
2018-10-09,53.641597747802734,53.73617671665903,52.549236814198565,52.87789106435932,107564000
2018-10-10,51.156593322753906,53.51865029661315,51.08329687705558,53.308217052458474,167962400
2018-10-11,50.704978942871094,51.89901159404719,50.20136000805382,50.72153161226197,212497600
2018-10-12,52.516143798828125,52.69820518727146,51.270093186822955,52.11655615761714,161351600
2018-10-15,51.393028259277344,52.44992418497444,51.37174934722611,52.29150849334037,123164000
2018-10-16,52.525596618652344,52.72421066994395,51.251174194641926,51.764252977522055,116736000
2018-10-17,52.29861068725586,52.64145089276612,51.86119150958556,52.561061472294256,91541600
2018-10-18,51.07620620727539,51.95577081093266,50.36215029617322,51.51125865851134,130325200
2018-10-19,51.854095458984375,52.31515664645652,51.40958333577089,51.558542953192145,132314800
2018-10-22,52.170928955078125,52.81168840057024,51.766615131446095,51.967588678689886,115168400
2018-10-23,52.6627311706543,52.78568203373293,50.764102000238935,51.0312826427505,155071200
2018-10-24,50.856300354003906,53.01737972593883,50.726256554329126,52.631981784125564,163702000
2018-10-25,51.96995162963867,52.3435304176031,51.248802817676285,51.47578872209439,119423200
2018-10-26,51.14241409301758,52.0621734864531,50.284128331310725,51.04783511210514,189033600
2018-10-29,50.182456970214844,51.94394934491909,48.728336343503514,51.82572833174674,183742000
2018-10-30,50.43307113647461,50.877579571015985,49.48021031974566,49.92471875428704,146640000
2018-10-31,51.74769592285156,52.12363783449441,51.218064547531675,51.27954177612992,153435600
2018-11-01,52.54214096069336,52.57524269602282,51.26298888864335,51.79262026173322,233292800
2018-11-02,49.056983947753906,50.51583061906915,48.572277138067086,49.54642060751403,365314800
2018-11-05,47.66435241699219,48.326390884436485,46.85572103174801,48.30511196562412,264654800
2018-11-06,48.17979049682617,48.4044096899324,47.68799067176834,47.74237132513075,127531600
2018-11-07,49.640995025634766,49.66700378881958,48.26490452137793,48.69995691663436,133697600
2018-11-08,49.46779251098633,49.85453521515348,49.054946674562586,49.82131798374514,101450400
2018-11-09,48.51398849487305,48.87937811740739,47.98725541404549,48.7702373142276,137463200
2018-11-12,46.070133209228516,47.41781165926097,45.97997059020177,47.21613325998762,204542000
2018-11-13,45.60984420776367,46.784315386331606,45.42477619758487,45.46748614938422,187531600
2018-11-14,44.32147979736328,46.14368876236647,44.115055029309836,46.006073457133304,243204000
2018-11-15,45.415279388427734,45.54814833515879,44.34520285307609,44.698732002376936,185915200
2018-11-16,45.91828155517578,46.259946609491415,44.95260676177665,45.19936284522291,147713200
2018-11-19,44.098445892333984,45.24681733279806,43.89202475558644,45.08073115263296,167701200
2018-11-20,41.99150848388672,43.05683851163266,41.64272573882717,42.32130943637899,271300800
2018-11-21,41.94404983520508,42.772112768462414,41.8894794521052,42.64398659199424,124496800
2018-11-23,40.87872314453125,41.901346788253655,40.833645463053145,41.50748276383768,94496000
2018-11-26,41.431556701660156,41.50985523537514,40.397072578660236,41.34139771589679,179994000
2018-11-27,41.34139633178711,41.46714753070529,40.544179202951334,40.69365492557858,165549600
2018-11-28,42.931095123291016,43.01413640794062,41.505118017849625,41.932199377386205,184250000
2018-11-29,42.601287841796875,43.37240554234032,42.16234247178632,43.33918830928703,167080000
2018-11-30,42.371150970458984,42.78636831527933,42.003386312393665,42.77687560568357,158126000
2018-12-03,43.851688385009766,43.8801592662894,42.99515437591232,43.76627212076378,163210000
2018-12-04,41.9227180480957,43.275139586577524,41.82306631582947,42.93347443571726,165377200
2018-12-06,41.45529556274414,41.46953100520734,40.4350466147937,40.75298356449691,172393600
2018-12-07,39.97712326049805,41.400725443078066,39.93204194545113,41.16345841264806,169126400
2018-12-10,40.24048614501953,40.356744662283546,38.7528209859677,39.14905645625793,248104000
2018-12-11,40.01033401489258,40.76009495801711,39.623587659446784,40.72925271093741,189126800
2018-12-12,40.12186050415039,40.79095171756359,40.10287870527519,40.4303047797506,142510800
2018-12-13,40.560794830322266,40.94516985024621,40.22862246288901,40.45165403262589,127594400
2018-12-14,39.262939453125,40.117102042698306,39.21548678046134,40.09812024955147,162814800
2018-12-17,38.89756393432617,39.94391257921424,38.61046918739011,39.255835905751354,177151600
2018-12-18,39.40293884277344,39.74934669174223,39.00432833526614,39.239224006854776,135366000
2018-12-19,38.17387771606445,39.73034825848122,37.746796501277856,39.38631192060536,196189200
2018-12-20,37.21057891845703,38.463348216247596,36.84756074809764,38.05762010916007,259092000
2018-12-21,35.76324462890625,37.52613986469643,35.5022531687816,37.217692120543504,382978400
2018-12-24,34.83790969848633,35.95781008841347,34.7809643222436,35.151100216804714,148676800
2018-12-26,37.291255950927734,37.30549139242431,34.811816392339566,35.18669870684758,234330000
2018-12-27,37.04923629760742,37.196344282393845,35.60665629115876,36.97568411541755,212468400
2018-12-28,37.06821823120117,37.61156162757762,36.66961145378511,37.3695483010569,169165600
2018-12-31,37.42649841308594,37.810869799996105,37.12753967179389,37.61393775275985,140014000
2019-01-02,37.469215393066406,37.68987565156259,36.593699322390684,36.750296458044986,148158800
2019-01-03,33.737003326416016,34.57455574581666,33.6919220064379,34.16170976436273,365248800
2019-01-04,35.177207946777344,35.24601741169735,34.11899903898665,34.29220295413125,234428400
2019-01-07,35.09889221191406,35.31243460287404,34.61724067488588,35.281588746085156,219111200
2019-01-08,35.768009185791016,36.021886677011715,35.23890465732075,35.48566080598781,164101200
2019-01-09,36.37540817260742,36.66487424188444,35.502267230819925,35.89612775325254,180396400
2019-01-10,36.491668701171875,36.532003660455786,35.794103077351124,36.18322084854541,143122800
2019-01-11,36.13339614868164,36.46794354601697,35.94832814598715,36.273386454644076,108092800
2019-01-14,35.59004592895508,35.89137599820077,35.40497797975705,35.7917243040485,129756800
2019-01-15,36.318458557128906,36.3943821085161,35.601911260051914,35.65411028555859,114843600
2019-01-16,36.76214599609375,36.98517753374155,36.30184748144305,36.320829274052095,122278800
2019-01-17,36.98042678833008,37.40750802029229,36.363531273228396,36.58656278438679,119284800
2019-01-18,37.20821762084961,37.459720094996186,37.008910562862575,37.36955746448795,135004000
2019-01-22,36.373023986816406,37.18684788366704,36.21168057896924,37.110924342637915,121576000
2019-01-23,36.52013397216797,36.80959998409829,35.99340097474768,36.57470436511674,92522400
2019-01-24,36.23067855834961,36.65301362642966,36.00290421307908,36.56522597464914,101766000
2019-01-25,37.431243896484375,37.519035156053725,36.615048386108995,36.890275378715764,134142000
2019-01-28,37.0848388671875,37.09195658871479,36.45845402993215,36.96383036040819,104768400
2019-01-29,36.700462341308594,37.519036488429236,36.565222017267494,37.07297331497307,166348800
2019-01-30,39.208370208740234,39.421909052183295,38.017288901847,38.73383622739391,244439200
2019-01-31,39.4907112121582,40.098114016816574,39.04464819355946,39.41241268525057,162958400
2019-02-01,39.50970458984375,40.09337942283648,39.36971429863973,39.61410265633867,130672400
2019-02-04,40.631961822509766,40.729242132850885,39.69001181938611,39.72085767886159,125982000
2019-02-05,41.327171325683594,41.54071383411568,40.89297582806122,41.01398071522067,144406400
2019-02-06,41.34139633178711,41.65696182241028,41.011595402857196,41.43867303368532,112958400
2019-02-07,40.558414459228516,41.27021533462275,40.41605283598708,40.90482219115942,126966800
2019-02-08,40.6060791015625,40.665650250891964,40.131891443963546,40.26771540968325,95280000
2019-02-11,40.372554779052734,40.796704677929405,40.329665299757814,40.75857827237781,83973600
2019-02-12,40.720458984375,40.74667043828146,40.436899701914584,40.5322157324539,89134000
2019-02-13,40.55126953125,41.099324812062115,40.48931684716783,40.83959548318567,89960800
2019-02-14,40.699012756347656,40.80862164255103,40.36064904112932,40.43928339998026,87342800
2019-02-15,40.608463287353516,40.91346730094003,40.44881303304922,40.80623995233979,98507200
2019-02-19,40.729984283447266,40.85151175450796,40.38685751910222,40.43928042114127,75891200
2019-02-20,40.99209976196289,41.29948893444707,40.74428537587072,40.791941569049854,104457600
2019-02-21,40.76096725463867,41.0731195307499,40.57987224909108,40.93729918557291,68998800
2019-02-22,41.21609115600586,41.223239403756004,40.83721948150898,40.884875678488214,75652800
2019-02-25,41.516326904296875,41.90711352229098,41.449607503854075,41.499648872153486,87493600
2019-02-26,41.54014587402344,41.77128217748678,41.26373492448921,41.39241061710472,68280800
2019-02-27,41.6688232421875,41.69980140101289,41.158894387635335,41.273273603636405,111341600
2019-02-28,41.258975982666016,41.67835919496109,41.20417154412631,41.537772157173244,112861600
2019-03-01,41.692665100097656,41.73555459143596,41.19703259655572,41.52824811143048,103544800
2019-03-04,41.90235137939453,42.35509069759693,41.45437513566205,41.86422496802693,109744800
2019-03-05,41.82609176635742,41.93808580910875,41.590188724744905,41.923789316150554,78949600
2019-03-06,41.58542251586914,41.81655883042522,41.44721703446925,41.621163745570044,83241600
2019-03-07,41.10409927368164,41.566372044364236,40.98972366767753,41.4305480580372,99185600
2019-03-08,41.201786041259766,41.239912445241174,40.389234781584264,40.58462987503848,95997600
2019-03-11,42.62910842895508,42.681531325611424,41.78320110804429,41.816560802649775,128044000
2019-03-12,43.10806655883789,43.52744613325643,42.74110624977912,42.89122670675174,129870400
2019-03-13,43.298702239990234,43.67757393364114,43.1104553438934,43.427374341932726,124130000
2019-03-14,43.780025482177734,43.86819325045519,43.501232955961775,43.82053342503637,94318000
2019-03-15,44.34952163696289,44.63784755758058,43.782406850290364,44.04690286026948,156171600
2019-03-18,44.80227279663086,44.89043693766361,44.2708955054987,44.27328067856524,104879200
2019-03-19,44.44722366333008,45.03340534638429,44.30186992001534,44.88090335634377,126585600
2019-03-20,44.835636138916016,45.15255512807773,44.01831798035479,44.37574491965877,124140800
2019-03-21,46.486934661865234,46.78240882980378,45.22879245634288,45.27883381453322,204136800
2019-03-22,45.52427673339844,47.106486442351226,45.45993886884796,46.54651613890854,169630800
2019-03-25,44.97383499145508,45.74587473890536,44.46390611241121,45.63388069031745,175381200
2019-03-26,44.509178161621094,45.96033411700319,43.98257123970182,45.66962661852125,199202000
2019-03-27,44.90949249267578,45.2168779833319,44.4519865617811,44.976211880352054,119393600
2019-03-28,44.96906280517578,45.16922096451442,44.68550359481245,45.0238672363422,83121600
2019-03-29,45.26215362548828,45.2931317832796,44.92617150707696,45.233560640409536,94256000
2019-04-01,45.569557189941406,45.67439938040992,44.88806295425262,45.664869594343756,111448000
2019-04-02,46.23196792602539,46.33681370641152,45.524262544352574,45.53379232623605,91062800
2019-04-03,46.54888916015625,46.82291494336478,46.02466023168709,46.04849014150251,93087200
2019-04-04,46.629913330078125,46.791945110655476,46.02228688104425,46.41545501139502,76457200
2019-04-05,46.94206619262695,46.96589610699699,46.687099925418465,46.81100893546065,74106400
2019-04-08,47.680747985839844,47.7117225101516,46.78479559908021,46.8038588026213,103526800
2019-04-09,47.53776168823242,48.336016283736434,47.47342384984118,47.73315673966759,143072800
2019-04-10,47.80465316772461,47.833249790891394,47.22323818776864,47.34238048248308,86781200
2019-04-11,47.4067268371582,47.89521106023314,47.285202983703144,47.85946981978605,83603200
2019-04-12,47.38764953613281,47.690271947006345,46.75381536646613,47.466283877663756,111042800
2019-04-15,47.47343826293945,47.62117718246721,47.18273076972158,47.31855473245824,70146400
2019-04-16,47.478214263916016,47.983376534492095,47.313797281453226,47.528255637857534,102785600
2019-04-17,48.40275573730469,48.46232689195172,47.32570824322464,47.54731119326293,115627200
2019-04-18,48.57670593261719,48.64580687709247,48.25740539371004,48.40037399343183,96783200
2019-04-22,48.73634338378906,48.834040931260986,48.214499587608906,48.33126033721687,77758000
2019-04-23,49.43927764892578,49.50361549579041,48.586218519593615,48.712509040814076,93292000
2019-04-24,49.363040924072266,49.677574720140036,49.3368294714054,49.41069711912076,70162400
2019-04-25,48.915061950683594,49.50600673522847,48.8769355424073,49.28440380449955,74172800
2019-04-26,48.68155288696289,48.84835140848778,48.16209047885956,48.82452149001205,74596400
2019-04-29,48.75540542602539,49.07947258276034,48.57669200067746,48.70536406711703,88818800
2019-04-30,47.81657028198242,48.46708622241454,47.44484688744978,48.38607033097731,186139600
2019-05-01,50.163673400878906,51.30505499845377,49.85628424061624,50.01117140720834,259309200
2019-05-02,49.83721923828125,50.671215281428715,49.594171580722325,50.00163618282265,127985200
2019-05-03,50.456764221191406,50.4782089626399,50.0945706099009,50.25183931905875,83569600
2019-05-06,49.67757034301758,49.763352940920356,48.490914101974354,48.679157328406795,129772400
2019-05-07,48.33840560913086,49.42498261248666,47.85468824698724,49.05802599276639,155054800
2019-05-08,48.34794235229492,48.92935733960514,48.073916525359294,48.109657759852,105358000
2019-05-09,47.8284797668457,48.057230920723306,46.8610449825507,47.75222695826382,139634400
2019-05-10,47.1658935546875,47.56536448730354,46.11101450339134,47.22330340337194,164834800
2019-05-13,44.42464065551758,45.32403977104099,43.73813138927743,44.90065443085275,229722400
2019-05-14,45.12787628173828,45.37664489956624,44.350469332365336,44.58967147063394,146118800
2019-05-15,45.66849136352539,45.867029661329525,44.49640184388846,44.556202404072714,106178800
2019-05-16,45.467559814453125,46.039252991844464,45.17094773855048,45.4268958737944,132125600
2019-05-17,45.209205627441406,45.66368824520355,44.67339150602843,44.7140554328863,131516400
2019-05-20,43.795528411865234,44.09692550943149,43.123370837032205,43.89838725228515,154449200
2019-05-21,44.635135650634766,44.97001729820006,44.18064924329761,44.30503541950881,113459200
2019-05-22,43.72138595581055,44.422250430132046,43.666370461560184,44.17108734343066,118994400
2019-05-23,42.9750862121582,43.18558175477957,42.532560495966365,43.00857438825279,146118800
2019-05-24,42.81001663208008,43.568287143398116,42.72629440483175,43.10423430651815,94858800
2019-05-28,42.633018493652344,43.19753598272842,42.55647566713429,42.79806863981353,111792800
2019-05-29,42.4296875,42.900916127061286,42.09958729527348,42.20005178150852,113924800
2019-05-30,42.64974594116211,42.87220219842699,42.25984525162243,42.56602372502471,84873600
2019-05-31,41.877140045166016,42.575610183606656,41.858003426997364,42.15461188376971,108174400
2019-06-03,41.4537467956543,42.558859919788816,40.72896433762629,42.00391264942133,161584400
2019-06-04,42.97028350830078,43.01573251076257,41.74556939956014,41.96563498785348,123872000
2019-06-05,43.663970947265625,44.250019297013125,43.32908930449805,44.080184117507756,119093600
2019-06-06,44.30503845214844,44.36483901115955,43.57068583552247,43.79314581301077,90105200
2019-06-07,45.48429489135742,45.90768378892111,44.43659178289126,44.613599067232066,122737600
2019-06-10,46.065574645996094,46.73294738855598,45.8359388555826,45.88138787190985,104883600
2019-06-11,46.59897994995117,46.88363115164734,46.30954733221378,46.61094078992602,107731600
2019-06-12,46.450679779052734,46.87645943951271,46.25931727268128,46.39326993216043,73012800
2019-06-13,46.44111251831055,47.072606273434246,46.30955420885947,46.57267447769808,86698400
2019-06-14,46.103843688964844,46.30716341463391,45.52018960598685,45.819192423091415,75046000
2019-06-17,46.37891387939453,46.6348619824245,45.96748580812443,46.142102390137104,58676400
2019-06-18,47.46968460083008,47.90981585388891,46.69467166608227,46.89560067509566,106204000
2019-06-19,47.33094024658203,47.811739025879014,47.19698759262692,47.76389566380698,84496800
2019-06-20,47.71127700805664,47.986358104546575,47.36921593118183,47.92894825704651,86056000
2019-06-21,47.54861831665039,48.04376867773491,47.397919745896615,47.553403383165076,191202400
2019-06-24,47.50078582763672,47.87872584119384,47.40271202381546,47.491215693151446,72881600
2019-06-25,46.78077697753906,47.66343004792434,46.713797002206945,47.464891779808674,84281200
2019-06-26,47.79258728027344,48.077238404777745,47.20654277978894,47.307007238449,104270000
2019-06-27,47.77825164794922,48.21599213856582,47.737587709468265,47.90980994600214,83598800
2019-06-28,47.342899322509766,47.72083923918838,47.1347945750101,47.52469168182497,124442400
2019-07-01,48.211204528808594,48.91445958647006,47.99592035711078,48.59871092795432,109012000
2019-07-02,48.493465423583984,48.5891485023053,48.165759547562075,48.177720388644275,67740800
2019-07-03,48.89532470703125,48.90250048134883,48.48389661312159,48.625025041282115,45448000
2019-07-05,48.85226058959961,49.05558390419779,48.53412124966637,48.6417651514746,69062000
2019-07-08,47.84523391723633,48.17533053234699,47.46011815799339,48.03420208422318,101354400
2019-07-09,48.13705825805664,48.20164023244244,47.555794939029724,47.64908366307894,82312000
2019-07-10,48.613067626953125,48.73266874059022,48.21360034539757,48.28297103527144,71588400
2019-07-11,48.25905227661133,48.8905460488803,48.24948579291271,48.63220718977892,80767200
2019-07-12,48.62980651855469,48.79724732350111,48.36668264654188,48.42648319473245,70380800
2019-07-15,49.08668518066406,49.244555859075206,48.797248912027776,48.81877623409258,67789600
2019-07-16,48.91685485839844,49.30197058543267,48.67765263415199,48.93838218259591,67467200
2019-07-17,48.64176940917969,49.05797890617675,48.62263279495951,48.80921022118632,56430000
2019-07-18,49.194332122802734,49.246956906066245,48.725494140074105,48.797255539973115,74162400
2019-07-19,48.45998001098633,49.39526162771868,48.40496451880691,49.22542643455206,83717200
2019-07-22,49.56748580932617,49.56987651762095,48.7039656231899,48.71353210630533,89111600
2019-07-23,49.954994201660156,49.971740110187,49.58423000504602,49.864099833734244,73420800
2019-07-24,49.91433334350586,50.029149402153855,49.555529966536255,49.67513109219279,59966400
2019-07-25,49.51964569091797,50.050674922943,49.450275001634395,49.9669526841349,55638400
2019-07-26,49.69187545776367,50.167885587126946,49.54835265146059,49.62968053839526,70475600
2019-07-29,50.15591812133789,50.385553851109734,49.859309714055385,49.864094780283324,86693600
2019-07-30,49.940635681152344,50.27073588947548,49.58900815053056,49.93585061510733,135742800
2019-07-31,50.95964813232422,52.952203406591565,50.54343853369576,51.76815294335434,277125600
2019-08-01,49.85692596435547,52.15326915093734,49.45267720551432,51.1653626359901,216071600
2019-08-02,48.802040100097656,49.37851470178692,48.23034691506533,49.163234154260714,163448400
2019-08-05,46.24736022949219,47.517523540558116,46.065567840975476,47.35965283602837,209572000
2019-08-06,47.12284469604492,47.37879286336873,46.41480440834536,46.95779455449021,143299200
2019-08-07,47.61080551147461,47.73519168066867,46.362173353172416,46.742503985009016,133457600
2019-08-08,48.66090774536133,48.68482942826137,47.6945323451434,47.88828556685008,108038000
2019-08-09,48.25992202758789,48.68491595492223,47.851730305039446,48.33435586806552,98478800
2019-08-12,48.13745880126953,48.51443488116721,47.8181106881789,47.93096316663212,89927600
2019-08-13,50.17601013183594,50.93716177711402,48.13746584722147,48.267127875565244,188874000
2019-08-14,48.68251037597656,49.568520645476625,48.64409173261856,48.78095677565512,146189600
2019-08-15,48.44001007080078,49.256386268391125,47.94297838198592,48.85300141700887,108909600
2019-08-16,49.58293533325195,49.74140951677776,48.944239015747925,49.04988847143179,110481600
2019-08-19,50.507362365722656,51.078824190677665,50.43052506876509,50.57218971325113,97654400
2019-08-20,50.509765625,51.22769905454453,50.50016279412302,50.634624409226056,107537200
2019-08-21,51.05720901489258,51.29971983499902,50.80749515702679,51.141249340489736,86141600
2019-08-22,51.013999938964844,51.489418835377954,50.6034083940143,51.18927999555581,89014800
2019-08-23,48.65610885620117,50.91555498677708,48.26232683356407,50.286461469002404,187272000
2019-08-26,49.58052062988281,49.74859759346411,49.237160002178214,49.429249530758135,104174400
2019-08-27,49.02107620239258,50.075163637483826,48.869805058122104,49.909486415436,103493200
2019-08-28,49.350013732910156,49.39563540929986,48.81937047253222,49.00665676017186,63755200
2019-08-29,50.185611724853516,50.26004923163214,49.621352927714746,50.06315640226348,83962000
2019-08-30,50.12079620361328,50.531384164590875,49.751023029326475,50.4617535522876,84573600
2019-09-03,49.39085006713867,49.698191966663735,49.035486682776146,49.56613013550739,80092000
2019-09-04,50.22882843017578,50.29845901885149,49.779821963278366,50.03673886776175,76752400
2019-09-05,51.21089172363281,51.376568957870155,50.785894078911504,50.903549829089826,95654800
2019-09-06,51.206085205078125,51.4846149241543,51.02600190350711,51.39577500112992,77449200
2019-09-09,51.424583435058594,51.96963654756328,50.68024137405337,51.58545739982879,109237600
2019-09-10,52.032066345214844,52.05127566981013,50.833914491991756,51.3501518092004,127111600
2019-09-11,53.68642807006836,53.71524388706847,52.27937718938957,52.36101772978543,177158400
2019-09-12,53.566383361816406,54.36595374868243,53.51115883577232,53.97697494678176,128906800
2019-09-13,52.52429962158203,53.01412462083623,52.10890847215429,52.8244384765625,159053200
2019-09-16,52.80042266845703,52.855650852329696,52.238563645662204,52.27938208778277,84632400
2019-09-17,52.99251174926758,53.02132756869173,52.61313582378596,52.81483190453855,73274800
2019-09-18,53.48954772949219,53.50875705605579,52.68997737232846,53.07895615977941,101360000
2019-09-19,53.0549430847168,53.72725114264616,52.91327477040642,53.307056774538246,88242400
2019-09-20,52.27938461303711,53.439121573319625,52.21695705097918,53.155792256513266,221652400
2019-09-23,52.517093658447266,52.78601688512093,52.2601730542611,52.572318178824,76662000
2019-09-24,52.26737976074219,53.42231716904428,52.1497276727192,53.07175336927151,124763200
2019-09-25,53.071754455566406,53.18460696208919,52.1377224527618,52.47627997233017,87613600
2019-09-26,52.79801940917969,53.05013674812319,52.543502278670516,52.824431771617654,75334000
2019-09-27,52.54110336303711,53.054940879557066,52.17133028274097,52.95409101125522,101408000
2019-09-30,53.777679443359375,53.924147350243985,53.01412429579234,53.04053666142086,103909600
2019-10-01,53.926536560058594,54.79814079095974,53.832893402806675,54.04179249498683,139223200
2019-10-02,52.5747184753418,53.68403038252034,52.3274007167669,53.55917160743665,138449200
2019-10-03,53.02132797241211,53.05494337549281,51.65509540469614,52.447459000713295,114426000
2019-10-04,54.507606506347656,54.622862444828854,53.75846122523863,54.17865555013315,138478800
2019-10-07,54.51961898803711,55.20873658677315,54.22668318942507,54.3299328547412,122306000
2019-10-08,53.880924224853516,54.75973164617533,53.86411835463812,54.221885178414524,111820000
2019-10-09,54.51240921020508,54.69489228194408,54.17865501059328,54.51240921020508,74770400
2019-10-10,55.24715805053711,55.33119839486909,54.577249742952276,54.728517233423744,113013600
2019-10-11,56.71663284301758,57.059989886560345,55.78019754791175,55.93386847365883,166795600
2019-10-14,56.6349983215332,57.17765169810714,56.34686576310509,56.40209028471779,96427600
2019-10-15,56.5029411315918,57.062396724114954,56.39729167013194,56.75985808213798,87360000
2019-10-16,56.27482223510742,56.483721327443455,55.99389276314205,56.03471119953323,73903200
2019-10-17,56.49333953857422,56.70223502398383,56.070745319870674,56.44771784318485,67585200
2019-10-18,56.7646598815918,57.045589398505086,56.255621913343404,56.327655968301634,97433600
2019-10-21,57.749107360839844,57.864363302867055,56.983156188347394,57.03117766562347,87247200
2019-10-22,57.61705780029297,58.15490428802028,57.53541724657344,57.90519037069038,82293600
2019-10-23,58.39019775390625,58.40460749311298,57.91958219298484,58.13088106904136,75828800
2019-10-24,58.48625564575195,58.77919144814045,58.06125802035155,58.7095571851868,69275200
2019-10-25,59.20658493041992,59.24260012348222,58.31817475144487,58.38540555436381,73477200
2019-10-28,59.799659729003906,59.84768120784419,59.24020052419486,59.408277532037836,96572800
2019-10-29,58.416622161865234,59.96774132739238,58.24374555756727,59.78045498091568,142839600
2019-10-30,58.409420013427734,58.89924866845541,57.91719523037346,58.769586633499244,124522000
2019-10-31,59.730018615722656,59.82846501751993,56.96874176554997,59.365052487377525,139162000
2019-11-01,61.42520523071289,61.45161392666581,59.82606489739292,59.91730459707598,151125200
2019-11-04,61.82860565185547,61.9126459988458,61.319571313663445,61.78778354242281,103272000
2019-11-05,61.73975372314453,61.99427084278033,61.54526436432109,61.720540736224365,79897600
2019-11-06,61.76616287231445,61.826190633565766,61.31715639057186,61.65331038805769,75864400
2019-11-07,62.47902297973633,62.7005915790344,62.16112308276353,62.3128483676645,94940400
2019-11-08,62.65003204345703,62.722278694428965,61.85769280629216,62.30082274800635,69986400
2019-11-11,63.146141052246094,63.2111630337341,62.20207656212333,62.2068905553272,81821200
2019-11-12,63.08833694458008,63.28823158323448,62.83787700281728,62.989594960966514,87388800
2019-11-13,63.69283676147461,63.7674940904905,62.87400946446836,62.88845879591601,102734400
2019-11-14,63.25210952758789,63.79157076632971,63.12205821124544,63.51942947548323,89182800
2019-11-15,64.00350189208984,64.00831588526924,63.341214024330995,63.50256731633181,100206400
2019-11-18,64.32620239257812,64.40567368628587,63.635016010866224,64.01311651070851,86703200
2019-11-19,64.13114166259766,64.54296223689062,63.91439437873861,64.51887757210454,76167200
2019-11-20,63.38456726074219,64.08056783760952,62.71264400137363,63.95052386452542,106234400
2019-11-21,63.10038757324219,63.58205151905622,62.900492919948576,63.504983523819924,121395200
2019-11-22,63.04497528076172,63.38213847508004,62.81859270394661,63.24004853424612,65325200
2019-11-25,64.1504135131836,64.16727351573608,63.22320891771047,63.26896758200509,84020400
2019-11-26,63.64947509765625,64.34066158536174,63.21838386975903,64.28767826489613,105207600
2019-11-27,64.50442504882812,64.53814504778033,63.89512054291369,63.960142519969104,65235600
2019-11-29,64.36234283447266,64.54296680875088,64.0372182108502,64.20580352668654,46617600
2019-12-02,63.61817169189453,64.6031735303105,63.44718305749584,64.36715556270056,94487200
2019-12-03,62.483848571777344,62.50311189277975,61.72281877405297,62.20929663764317,114430400
2019-12-04,63.03534698486328,63.41345487874028,62.78006572711878,62.873993707598274,67181600
2019-12-05,63.96014404296875,64.03480870676835,63.27377888666242,63.5290601576945,74424400
2019-12-06,65.19560241699219,65.26544572676671,64.37436474563619,64.41772007388622,106075600
2019-12-09,64.28286743164062,65.21728922547906,63.79879285948436,65.02462660501106,128042400
2019-12-10,64.65853881835938,65.04146058432946,64.02755318710798,64.68743746490732,90420400
2019-12-11,65.2100601196289,65.28953877362453,64.66337427533851,64.73803158690569,78756800
2019-12-12,65.3762435913086,65.64116022447391,64.3792030714425,64.48998371818132,137310400
2019-12-13,66.26490783691406,66.30103115854632,65.2485967405498,65.37623737672222,133587600
2019-12-16,67.39920806884766,67.623187308464,66.70561841103523,66.71043240289573,128186000
2019-12-17,67.53168487548828,67.85921278461262,67.14394163202556,67.32938692874545,114158400
2019-12-18,67.37032318115234,67.89052104298418,67.22100855730946,67.38477250929151,116028400
2019-12-19,67.437744140625,67.71711001890772,67.18005960040058,67.31251420192149,98369200
2019-12-20,67.29808044433594,68.07114894305518,67.08614715319112,67.97000364021376,275978000
2019-12-23,68.39625549316406,68.45646346454889,67.52203457271943,67.56056855635842,98572000
2019-12-24,68.4612808227539,68.61060277279962,68.136163640974,68.56243345348084,48478800
2019-12-26,69.81958770751953,69.83644770700805,68.56485537418061,68.59375403067095,93121200
2019-12-27,69.79310607910156,70.7973786870116,69.38851010956454,70.11100606214161,146266000
2019-12-30,70.20730590820312,70.4890824372006,68.69006802789379,69.71119283116963,144114400
2019-12-31,70.72030639648438,70.72753106158736,69.72566918619233,69.82441117567208,100805600
2020-01-02,72.33387756347656,72.39408555090253,71.0911838210517,71.34405442839761,135480400
2020-01-03,71.63064575195312,72.38926493117573,71.40667380039741,71.56321309934685,146322800
2020-01-06,72.20140075683594,72.23993474282962,70.50353879987532,70.7540060340311,118387200
2020-01-07,71.86184692382812,72.46633010238772,71.64268897397623,72.21104883104543,108872000
2020-01-08,73.01783752441406,73.31887745373415,71.56562119935828,71.56562119935828,132079200
2020-01-09,74.56880187988281,74.76146451044018,73.74275001069596,73.99320996049889,170108400
2020-01-10,74.73737335205078,75.30092656417412,74.23644614635045,74.8024026801614,140644800
2020-01-13,76.33409881591797,76.36059415429726,74.93486566437117,75.05287832688332,121532000
2020-01-14,75.30332946777344,76.48100118582082,75.18051017572739,76.27147857331117,161954400
2020-01-15,74.9806137084961,75.98247543934815,74.54952248725758,75.10344034713454,121923600
2020-01-16,75.91986846923828,76.03065646802948,75.16124922768141,75.52249718552835,108829200
2020-01-17,76.7603530883789,76.76275640961391,75.86204746774389,76.16790133072386,137816400
2020-01-21,76.24017333984375,76.8302072165908,76.10289736234121,76.38948797518701,110843200
2020-01-22,76.5123062133789,77.06380603496487,76.4183782339569,76.72423213565071,101832400
2020-01-23,76.88079833984375,76.96026966222608,76.01861570517516,76.56530902285643,104472000
2020-01-24,76.6592025756836,77.8681760847734,76.46894331412666,77.12641705620177,146537600
2020-01-27,74.405029296875,75.08416976822737,73.42484155700832,74.67234921705278,161940000
2020-01-28,76.5098876953125,76.68087628820244,75.18531223152581,75.28405419350632,162234000
2020-01-29,78.1114273071289,78.95674973344263,77.39856685210137,78.13792264122904,216229200
2020-01-30,77.99822998046875,78.05121329496869,76.76517176985938,77.19626294921763,126743200
2020-01-31,74.5398941040039,77.71164655303768,74.24607885109228,77.29019066933044,199588400
2020-02-03,74.33515167236328,75.49836614837257,72.78419413794823,73.28512109800589,173788400
2020-02-04,76.78927612304688,76.97953543976107,75.53213292898627,75.9367288800473,136616400
2020-02-05,77.4154052734375,78.2125581517133,76.81332561615335,77.91392164396883,118826800
2020-02-06,78.32095336914062,78.3233640404218,77.12883967256218,77.68516086755363,105425600
2020-02-07,77.25634002685547,78.06986841374218,76.76629135471327,77.82122317353306,117684000
2020-02-10,77.62329864501953,77.62329864501953,75.7644959675757,75.84415588740227,109348800
2020-02-11,77.15496826171875,78.19059132825674,76.93770658748598,78.11817322586252,94323200
2020-02-12,78.98722076416016,78.99204618157108,77.60397618630914,77.60397618630914,113730400
2020-02-13,78.42475128173828,78.75064746940821,78.05782062596876,78.26059867524006,94747600
2020-02-14,78.44408416748047,78.69272952184373,77.93713525426901,78.39338411922328,80113600
2020-02-18,77.00772094726562,77.18877358272158,75.94795598487916,76.12900862033511,152531200
2020-02-19,78.12300109863281,78.35233737517142,77.24912158938099,77.24912158938099,93984000
2020-02-20,77.32152557373047,78.37163210197758,76.81699322453267,77.88399976313329,100566000
2020-02-21,75.57138061523438,77.3577728316972,74.9558044913532,76.91600019658557,129554000
2020-02-24,71.98169708251953,73.43011814732492,69.8211400810818,71.75960997813098,222195200
2020-02-25,69.54351043701172,73.03179362770307,69.07277807692655,72.65037937541128,230673600
2020-02-26,70.64674377441406,71.90928692764982,69.16211349223191,69.16935530367469,198054800
2020-02-27,66.02869415283203,69.04141300899963,65.89350875868202,67.85853712666133,320605600
2020-02-28,65.99006652832031,67.20915879544067,61.88862284247871,62.10347552395671,426510000
2020-03-02,72.1337890625,72.7686815326321,67.0425894386722,68.14338895911868,341397200
2020-03-03,69.84284973144531,73.38665070115958,68.99310485052062,73.30699080209732,319475600
2020-03-04,73.0824966430664,73.24182384454771,70.76261243598904,71.56165746891385,219178400
2020-03-05,70.7119140625,72.31241302487865,70.34739243241086,71.33955724756618,187572800
2020-03-06,69.77284240722656,70.20495666747604,67.88989834828591,68.07577636210152,226176800
2020-03-09,64.25436401367188,67.13188921300795,63.48911178224734,63.67016438238683,286744800
2020-03-10,68.88206481933594,69.14761010810192,65.02685113261988,66.90256079781972,285290000
2020-03-11,66.48977661132812,67.8875051992336,65.62796418784407,66.96293286366341,255598800
2020-03-12,59.92359924316406,65.17895530003963,59.868077460777144,61.78482214303871,418474000
2020-03-13,67.10292053222656,67.57366022928257,61.06300489011421,63.94536649521935,370732000
2020-03-16,58.47034454345703,62.5428168089279,57.93684117686896,58.40757727472599,322423600
2020-03-17,61.04128646850586,62.1879493594709,57.550590391518064,59.74977632698614,324056000
2020-03-18,59.54700469970703,60.350878847985236,57.24160039100893,57.88132191691277,300233600
2020-03-19,59.09075164794922,61.03646337436918,58.56690646649194,59.72081496454535,271857200
2020-03-20,55.3393440246582,60.79264863512061,55.04000233501268,59.67012006159394,401693200
2020-03-23,54.1636962890625,55.1606938155284,51.3247927605554,55.059304798459365,336752800
2020-03-24,59.59770202636719,59.793238287645494,56.56084531140466,57.05813597182242,287531200
2020-03-25,59.269386291503906,62.34245170831376,58.97487373705756,60.53192552123785,303602000
2020-03-26,62.388328552246094,62.44626304168301,59.47217348326275,59.510798931904375,252087200
2020-03-27,59.80530548095703,61.767913466106,59.638736473627105,61.01473571142301,204216800
2020-03-30,61.51202392578125,61.683422027854625,60.206030134757754,60.529513617295876,167976400
2020-03-31,61.386497497558594,63.366005560924876,60.833685075362965,61.70273919270683,197002000
2020-04-01,58.15652847290039,60.04188955581618,57.726830460711994,59.505973395261975,176218400
2020-04-02,59.12696075439453,59.18006982201146,57.188490836952404,58.01891951220774,165934000
2020-04-03,58.277225494384766,59.31284498948773,57.68820030765842,58.61277624472143,129880000
2020-04-06,63.36116027832031,63.5156546468286,60.201190178307634,60.56812074968202,201820400
2020-04-07,62.627315521240234,65.58934152567265,62.52351377225885,65.37207245676143,202887200
2020-04-08,64.23023986816406,64.54406151460887,63.061847651130236,63.42636197678972,168895200
2020-04-09,64.6937255859375,65.19584902236409,63.89951332637289,64.86512738575412,161834800
2020-04-13,65.9635009765625,66.07213548949194,64.17228391165321,64.77096719479518,131022800
2020-04-14,69.29488372802734,69.58457092501276,67.12225185179103,67.59299170512948,194994800
2020-04-15,68.66239166259766,69.1210568119712,67.74506136385055,68.17234288135833,131154400
2020-04-16,69.20800018310547,69.57252198451438,68.16030942029695,69.37456926010336,157125200
2020-04-17,68.26891326904297,69.27074378183441,66.83497575491855,68.72516946310567,215250000
2020-04-20,66.85185241699219,67.99851874920303,66.83254338342462,67.09808863903048,130015200
2020-04-21,64.78546142578125,66.92912586019385,64.07573448825138,66.69496415132106,180991600
2020-04-22,66.65150451660156,67.08602784822331,65.71003238672124,66.05040482183006,116862400
2020-04-23,66.3932113647461,68.0154433517939,66.35458591659604,66.59598944224571,124814400
2020-04-24,68.30994415283203,68.31960235496462,66.86876505886688,66.91704870248016,126161200
2020-04-27,68.35823822021484,68.68895986495261,67.58091858862758,68.02750920842628,117087600
2020-04-28,67.25019073486328,69.00036629064134,67.1584635837108,68.81931364694016,112004800
2020-04-29,69.45903015136719,69.92735352024151,68.53204161617626,68.73481966758834,137280800
2020-04-30,70.92434692382812,71.10057413486881,69.60870223992275,69.99735834734561,183064000
2020-05-01,69.78250122070312,72.17963585405194,69.00518177066984,69.10174168301795,240616800
2020-05-04,70.76985931396484,70.89780288941466,69.11866006272429,69.80666159250394,133568000
2020-05-05,71.83203125,72.66245995311394,71.0836788601292,71.2285224464027,147751200
2020-05-06,72.57315826416016,73.20321806161756,72.14828561275279,72.53211641471866,142333600
2020-05-07,73.32389068603516,73.66910326152602,72.89660917840814,73.19836352852457,115215200
2020-05-08,75.06912994384766,75.1223827731926,73.65551811313698,73.98229650289032,133838400
2020-05-11,76.2503662109375,76.74415709638575,74.36957888241814,74.57775171164975,145946400
2020-05-12,75.37894439697266,77.38317534733362,75.25791594009821,76.93294564652552,162301200
2020-05-13,74.46881866455078,76.47789576756719,73.39408522317618,75.55807493186354,200622400
2020-05-14,74.92633056640625,74.98684482021679,72.98745151047878,73.7087840752181,158929200
2020-05-15,74.48334503173828,74.52933644505968,72.66791783323735,72.70180935336562,166348400
2020-05-18,76.23826599121094,76.61103581678174,75.11512542110488,75.80498930633232,135178400
2020-05-19,75.7977294921875,77.0999898949941,75.76626090152799,76.25521336264156,101729600
2020-05-20,77.2718505859375,77.34204178986873,76.61587086677298,76.65460086911052,111504800
2020-05-21,76.69575500488281,77.67366726497515,76.4585365069764,77.13387754437865,102688800
2020-05-22,77.18955993652344,77.27185842972254,76.33267609193112,76.43433589476804,81803200
2020-05-26,76.66670227050781,78.48454498542678,76.6110265113562,78.3054252019707,125522000
2020-05-27,77.00074768066406,77.14598335609439,75.78562421645006,76.52390248864035,112945200
2020-05-28,77.03463745117188,78.29091382648822,76.4004493161322,76.67639044487011,133560800
2020-05-29,76.95958709716797,77.73658783652532,76.60376308600569,77.27668110998019,153532400
2020-06-01,77.9060287475586,78.02705721931588,76.78288098389504,76.91359380175058,80791200
2020-06-02,78.26670837402344,78.29091555107586,77.1992361328535,77.6397816394303,87642800
2020-06-03,78.69755554199219,78.95898118849432,78.01495316022684,78.58621141173712,104491200
2020-06-04,78.01982116699219,78.81860638544032,77.64705128445249,78.52088097581583,87560400
2020-06-05,80.24189758300781,80.3024118345787,78.24008880036028,78.26913445919533,137250400
2020-06-08,80.71632385253906,80.75021537775042,79.23009773769596,79.93932296340279,95654400
2020-06-09,83.26516723632812,83.65729831044091,80.3653297249553,80.39679831013578,147712400
2020-06-10,85.4073715209961,85.87453965160508,83.77348714351568,84.2116096226659,166651600
2020-06-11,81.30691528320312,84.97649895645569,81.20525551685317,84.55289936035253,201662400
2020-06-12,82.0088882446289,84.18740070270101,80.90027071068629,83.44186857843707,200146000
2020-06-15,83.02310943603516,83.67424321088224,80.5032957450343,80.66547714891838,138808800
2020-06-16,85.22340393066406,85.49451390772815,83.44186840333514,85.07332981023045,165428800
2020-06-17,85.10480499267578,86.02704141186865,84.98377651365317,85.96652717235735,114406400
2020-06-18,85.13871002197266,85.55504835135272,84.53114459703605,85.06125001022909,96820400
2020-06-19,84.65216064453125,86.30782937031772,83.54595856056092,85.84308414219812,264476000
2020-06-22,86.86698913574219,87.00980187063504,84.99830891368086,85.0443003318489,135445200
2020-06-23,88.72114562988281,90.13718045697547,87.68998051908838,88.1087417587427,212155600
2020-06-24,87.15503692626953,89.26819705246864,86.78226710315806,88.35079901624333,192623200
2020-06-25,88.31208801269531,88.35081802484417,86.55233602258699,87.3099757261986,137522400
2020-06-26,85.59858703613281,88.4282329304763,85.45092847846783,88.2079602539536,205256800
2020-06-29,87.57136535644531,87.66577111516035,85.02976731524565,85.50661981464565,130646000
2020-06-30,88.3023681640625,88.58800096545747,87.1404978146636,87.15985911945725,140223200
2020-07-01,88.13536834716797,88.9220535759505,88.08696138066959,88.37984827441205,110737200
2020-07-02,88.13536834716797,89.67485466688348,88.02160865174983,89.04066652590694,114041600
2020-07-06,90.49300384521484,90.9601720457748,89.52961440129422,89.56108299075036,118655600
2020-07-07,90.21222686767578,91.64762315168353,90.10088271239697,90.87062222466152,112424400
2020-07-08,92.31326293945312,92.34473152661032,91.10055518911935,91.18769953716944,117092000
2020-07-09,92.71025848388672,93.25730230757911,91.66457041968785,93.20404946948581,125642800
2020-07-10,92.87242889404297,92.93052759776583,91.69603540831204,92.30601639495103,90257200
2020-07-13,92.44397735595703,96.77921853086478,92.23096604261153,94.17468319640058,191649200
2020-07-14,93.97378540039062,94.16500509879575,90.89482027358295,91.82673375082925,170989200
2020-07-15,94.62007141113281,96.09419752364778,93.42430934647335,95.84487913129125,153198000
2020-07-16,93.45575714111328,94.31021778955153,92.85787624181573,93.49448713549184,110577600
2020-07-17,93.26697540283203,94.06092201052024,92.79496133182224,93.90600938284572,92186800
2020-07-20,95.23248291015625,95.37045717183655,93.01040144233045,93.35412562962276,90318000
2020-07-21,93.91809844970703,96.09661104261261,93.6687800817764,96.02157397759412,103433200
2020-07-22,94.18193817138672,94.86211761268852,93.53322731563136,93.620364272229,89001600
2020-07-23,89.89512634277344,93.99314942038049,89.08665688068213,93.91568941051719,197004400
2020-07-24,89.67241668701172,90.016140810345,86.31266499943915,88.0966309470678,185438800
2020-07-27,91.79768371582031,91.88966654711753,90.50994623863684,90.7326345162056,121214000
2020-07-28,90.28965759277344,91.54593364722749,90.28481172651138,91.36922942946147,103625600
2020-07-29,92.0203857421875,92.20435141750036,90.73506372270917,90.77137079362801,90329200
2020-07-30,93.13385772705078,93.2379404686909,90.78832470426487,91.19497870904048,158130000
2020-07-31,102.88388061523438,103.03395473140316,97.6215578817257,99.61611202784769,374336800
2020-08-03,105.4762954711914,108.09050706852115,104.4644993896352,104.76222465262009,308151200
2020-08-04,106.18070220947266,107.26995848073891,104.94378735797679,105.66511972582127,173071600
2020-08-05,106.5655746459961,106.88509160009556,105.43758834706337,105.9023409518437,121776800
2020-08-06,110.28357696533203,110.77737527223312,106.30900549573542,106.89720218347466,202428800
2020-08-07,107.77619934082031,110.26175680038186,106.98082124977309,109.80586800423681,198045600
2020-08-10,109.34268951416016,110.35873735584337,106.69708588297902,109.21901552378732,212403600
2020-08-11,106.09085845947266,109.10504953060087,105.83138875527999,108.60794103965802,187902400
2020-08-12,109.6167221069336,109.87376452711321,106.98566715289093,107.17965891895842,165598000
2020-08-13,111.55669403076172,112.55819321018032,110.5066931989482,110.99410742435849,210082000
2020-08-14,111.45726013183594,111.54698151987802,109.65068105796512,111.38208775805406,165565200
2020-08-17,111.16625213623047,112.60181637912858,110.54062239475888,112.57756555807367,119561600
2020-08-18,112.09259033203125,112.51695384329368,110.58428087027461,110.91892299463439,105633600
2020-08-19,112.23322296142578,113.64453639963617,112.13865437861999,112.49996719549999,145538000
2020-08-20,114.72362518310547,114.8375973733061,112.2574641314498,112.27444044495672,126907200
2020-08-21,120.63561248779297,121.11817195845913,115.66934527196243,115.6814669811538,338054800
2020-08-24,122.07845306396484,124.91805616382935,120.21610549023623,124.83317459173283,345937600
2020-08-25,121.07695007324219,121.42129395286675,119.35767277780953,120.95328347307442,211495600
2020-08-26,122.72349548339844,123.17938430241111,121.32673099966804,122.39128067814039,163022400
2020-08-27,121.25640106201172,123.65708422717836,120.11425182681509,123.32486945527224,155552400
2020-08-28,121.05999755859375,122.64589926041506,120.83690034715939,122.22881026536905,187630000
2020-08-31,125.16539001464844,127.06654483126823,122.21667670793738,123.74923681098468,225702700
2020-09-01,130.1510467529297,130.75244043183687,126.61064913629612,128.77368605712132,151948100
2020-09-02,127.45453643798828,133.8369650688364,123.18665813924054,133.4586759232684,200119000
2020-09-03,117.25041198730469,124.97140134269283,116.8818246649217,123.09935930505591,257599600
2020-09-04,117.32801818847656,119.98574406174012,107.56038329847304,116.46474218511382,332607200
2020-09-08,109.43241882324219,115.41715402612338,109.29662311428591,110.52848630276392,231366600
2020-09-09,113.79730987548828,115.56266164657546,111.79916649731042,113.73911382379356,176940500
2020-09-10,110.08232116699219,116.88183937183103,109.12204920606632,116.74604363595516,182274400
2020-09-11,108.63704681396484,111.77006490232608,106.69709954942977,111.12987875287997,180860300
2020-09-14,111.89616394042969,112.44904864015743,109.41303369608222,111.27538137934282,140150100
2020-09-15,112.07074737548828,115.26196131479541,110.19869808587379,114.77697452888815,184642000
2020-09-16,108.76314544677734,112.51694623083202,108.6758513682307,111.77006975767836,154679000
2020-09-17,107.02689361572266,108.83104527474275,105.4458391619844,106.42551466292394,178011000
2020-09-18,103.63197326660156,107.55066740012516,102.90449308489,107.08508422800398,287104900
2020-09-21,106.77469635009766,106.88139403880808,100.00427732246104,101.4010416835348,195713800
2020-09-22,108.45274353027344,109.47121874863322,105.88231946545223,109.29662320835186,183055400
2020-09-23,103.90357971191406,108.74374613747926,103.56408301527631,108.2684611226227,150718700
2020-09-24,104.97053527832031,106.93958033536623,101.84721936701546,102.01211308896369,167743300
2020-09-25,108.90863800048828,109.0638373334494,104.43705897382922,105.17424100477153,149981400
2020-09-28,111.50816345214844,111.85735453793174,109.39362072171006,111.5566650919616,137672400
2020-09-29,110.664306640625,111.84767585373268,110.15992352372166,111.11050109828263,99382200
2020-09-30,112.33265686035156,113.7391232285353,110.20841939441779,110.3733131547286,142675200
2020-10-01,113.28323364257812,114.18530951408272,112.35205974301084,114.1077098390407,116120400
2020-10-02,109.62641143798828,111.90585528542881,108.85043700934379,109.50031753591523,144712000
2020-10-05,113.00194549560547,113.14744304282974,110.14052580154997,110.48971695476313,106243800
2020-10-06,109.76222229003906,112.63334341918222,108.87954271233731,112.22594886007512,161498200
2020-10-07,111.62457275390625,112.08046156708008,110.70309331868141,111.17838574960963,96849000
2020-10-08,111.51788330078125,112.90494606027923,111.14928853931941,112.75944851761336,83477200
2020-10-09,113.45780944824219,113.48690747123634,111.46936067345082,111.81855175000258,100506900
2020-10-12,120.66471099853516,121.42128918284882,115.69844376260184,116.45502194691551,240226800
2020-10-13,117.46379089355469,121.62497815056649,116.0573322604358,121.5085786649449,262330500
2020-10-14,117.55110931396484,119.33585728240598,116.02825097556021,117.36681195189107,150712000
2020-10-15,117.08550262451172,117.560787576873,114.60237278324881,115.15525739322722,112559200
2020-10-16,115.44625091552734,117.90029026113083,115.24255735409358,117.63839325335097,115393800
2020-10-19,112.49755096435547,116.80422908289772,112.1871596819352,116.35804207693808,120639300
2020-10-20,113.98161315917969,115.4074757022461,112.15805784138063,112.71094256212962,124423700
2020-10-21,113.36082458496094,115.14557257156684,112.9534300225298,113.16682541230045,89946000
2020-10-22,112.27445220947266,114.49569279996962,111.14927920105526,113.92340448698165,101988000
2020-10-23,111.58575439453125,113.05041647874276,110.84857244879218,112.89521716371952,82572600
2020-10-26,111.59546661376953,113.05042702646372,109.49061825916863,110.58669317293085,111850700
2020-10-27,113.09891510009766,113.75849741390176,111.10077194371063,112.02224386138344,92276800
2020-10-28,107.8610610961914,111.96405267029793,107.76406521649079,111.59546536731106,143937800
2020-10-29,111.85734558105469,113.41900353400632,108.83102554669962,108.99592666867332,146129200
2020-10-30,105.5913314819336,108.6273463236584,104.48556211975591,107.72527053869118,190272600
2020-11-02,105.50402069091797,107.35667373960923,104.09756199136386,105.8338155489353,122866900
2020-11-03,107.12388610839844,108.14235394209176,105.46523215040254,106.36730788899447,107624400
2020-11-04,111.49847412109375,112.119256698551,108.97654397513469,110.71279779031768,138235500
2020-11-05,115.45594787597656,116.02823610576812,113.36080890325555,114.40837468946069,126387100
2020-11-06,115.32478332519531,115.8203179514325,112.837361996159,114.96527127109147,114457900
2020-11-09,113.0219955444336,118.53123307425452,112.75965407719045,117.08348090470506,154515300
2020-11-10,112.6819076538086,114.25597110360664,110.89407325748324,112.27381767890381,138023400
2020-11-11,116.10211181640625,116.23814181960135,113.13859256042241,113.86732789743012,112295000
2020-11-12,115.83003997802734,117.1126137436234,115.20818648034917,116.22841881317535,103162300
2020-11-13,115.87863159179688,116.27700303551688,114.52804275815001,116.05352836084144,81581900
2020-11-16,116.8891372680664,117.55956865833653,114.80009473182567,115.54825966136949,91183000
2020-11-17,116.00494384765625,117.24865091924097,115.5871353083196,116.16041093814378,74271000
2020-11-18,114.68351745605469,116.42276682795455,114.65436922624248,115.24707460935673,76322100
2020-11-19,115.27620697021484,115.68429695756758,113.49809106564801,114.25597458875419,74113000
2020-11-20,114.0130844116211,115.40254027143864,113.96450649711626,115.27622879802983,73604300
2020-11-23,110.62203979492188,114.28515414050526,110.52487655089979,113.85762697111167,127959300
2020-11-24,111.90457916259766,112.56529939521855,109.39772821414678,110.68030932430327,113874200
2020-11-25,112.74017333984375,113.43976019911254,111.90455652605898,112.27378704238225,76499200
2020-11-27,113.28433990478516,114.15882383972767,112.92483519653295,113.26491022315516,46691300
2020-11-30,115.6745834350586,117.54014397849063,113.49808872130923,113.65355580646789,169410200
2020-12-01,119.24053955078125,119.9692749139944,116.60737666127397,117.57902381222483,127728200
2020-12-02,119.59033203125,119.87211059203429,117.46242241782213,118.56038101970898,89004200
2020-12-03,119.45430755615234,120.270487635051,118.74500184780301,120.01785729073868,78967600
2020-12-04,118.78385925292969,119.3765645833526,118.07455360054387,119.12393425897255,78260400
2020-12-07,120.24132537841797,121.03807568238211,118.78385476777048,118.84215122001115,86712000
2020-12-08,120.85347747802734,121.43647173529656,119.60005168582639,120.84376634333147,82225500
2020-12-09,118.32717895507812,122.37894545635208,117.5692954268489,120.99920839659741,115089200
2020-12-10,119.74577331542969,120.35791566525569,116.74338766599487,117.08346263085474,81312200
2020-12-11,118.93932342529297,119.27939842297663,117.13205925122674,118.95875310526962,86939800
2020-12-14,118.32717895507812,119.85266455789507,118.09398573402578,119.12392925566253,79184500
2020-12-15,124.25423431396484,124.27367140820184,120.61055751786674,120.81460252887871,157243700
2020-12-16,124.18622589111328,124.73034594931227,122.97166689471923,123.79757294273104,98208600
2020-12-17,125.05095672607422,125.90601076747856,124.40966619502098,125.2452831465328,94359800
2020-12-18,123.06883239746094,125.43965383144652,122.54414204339464,125.3036238225863,192541500
2020-12-21,124.59429931640625,124.67203286094654,119.94982751976666,121.47531311924551,121251600
2020-12-22,128.1408233642578,130.59908932336018,125.97403967211778,127.87847449783371,168904800
2020-12-23,127.24691772460938,128.67522539994948,127.07201352740594,128.41289134338277,88223700
2020-12-24,128.22824096679688,129.6760001670091,127.38291291879534,127.59667642019997,54930100
2020-12-28,132.81442260742188,133.44598718799116,129.7245776284665,130.19097883452193,124486200
2020-12-29,131.04598999023438,134.85484340023854,130.53101840840682,134.13583430735233,121047300
2020-12-30,129.92868041992188,132.13432398091498,129.6177461619134,131.73594502265215,96452100
2020-12-31,128.92787170410156,130.91975146585497,127.9853727167279,130.27846074381847,99116600
2021-01-04,125.74085998535156,129.82177500940742,123.16599358092327,129.73433032505793,143301900
2021-01-05,127.29547119140625,128.0047841932833,124.78862009202955,125.2355842462787,97664900
2021-01-06,123.01050567626953,127.33433916722099,122.79674215546176,124.09875295807365,155088000
2021-01-07,127.20803833007812,127.89791430422592,124.23480053472447,124.72062409151188,109578200
2021-01-08,128.30599975585938,128.86955684085643,126.53759495540402,128.67521556411702,105158200
2021-01-11,125.32303619384766,126.47929859092635,124.85664974689551,125.527088604103,100384500
2021-01-12,125.14815521240234,126.01292057820679,123.26315737935117,124.85665810373773,91951100
2021-01-13,127.17888641357422,127.72300640920702,124.84693933910279,125.10927337732423,88636800
2021-01-14,125.2550277709961,127.28576659581172,125.10927181431389,127.09144014639318,90221800
2021-01-15,123.53520965576172,126.52788445335536,123.39917965706009,125.12871028033413,111598500
2021-01-19,124.20564270019531,125.06069683837403,123.340877429049,124.15705738304294,90757300
2021-01-20,128.2865447998047,128.7335089174472,124.90521758681017,125.01209934367105,104319500
2021-01-21,132.98931884765625,135.70993338633443,129.80231790485385,130.00637029637122,120150900
2021-01-22,135.126953125,135.88483658611096,131.19177987621222,132.41604973812463,114459400
2021-01-25,138.8677978515625,140.97627022018892,132.6686847833474,139.01355380816258,157611700
2021-01-26,139.10096740722656,140.20864422957436,137.3617112330404,139.52849439587914,98390600
2021-01-27,138.03219604492188,140.20869106595407,136.42898412808006,139.36334793740457,140843800
2021-01-28,133.2030487060547,137.96412665197045,132.82410706857274,135.56415800586728,142621100
2021-01-29,128.21852111816406,132.8629917399109,126.51813918014763,131.97878957386544,177523800
2021-02-01,130.33673095703125,131.54157860190338,127.21773749244758,129.9577892114423,106239800
2021-02-02,131.16265869140625,132.44522526454477,130.79342801715512,131.88166811874655,83305400
2021-02-03,130.1424102783203,131.92052618668296,129.82176496768204,131.9108002272906,89880900
2021-02-04,133.4945831298828,133.5042942626405,130.7739685158837,132.43549143917588,84183100
2021-02-05,133.08103942871094,133.7232884555335,132.20525610000038,133.6551792335879,75693800
2021-02-08,133.2269744873047,133.2756324021585,131.29050232328603,132.3706427004726,71297200
2021-02-09,132.35121154785156,134.1709170758531,132.1955269668042,132.9448026300194,76774200
2021-02-10,131.7478790283203,133.3048434386966,130.78450562896475,132.80855342312873,73046600
2021-02-11,131.49490356445312,132.72100324758284,130.17148801909838,132.24417927998556,64280000
2021-02-12,131.72840881347656,131.88410821935858,130.0936095966532,130.73585850968206,60145100
2021-02-16,129.60704040527344,132.35117148769072,129.21779194968602,131.84517076789257,80576300
2021-02-17,127.32024383544922,128.6631249352014,125.98710322664614,127.71921790831898,97918500
2021-02-18,126.22068786621094,126.50288006540657,123.98255701846796,125.7243978338029,96856700
2021-02-19,126.37635803222656,127.1937724488316,125.33514985915805,126.73641474669597,87668800
2021-02-22,122.61048889160156,126.2304187991235,122.22124775949521,124.56641277376495,103916400
2021-02-23,122.47425842285156,123.30139120748287,115.2052066551197,120.43075171253977,158273000
2021-02-24,121.97795867919922,122.18230857916163,118.94189453786483,121.57899194807914,111039900
2021-02-25,117.73526000976562,123.05811336412599,117.29736837706596,121.32599812486836,148199500
2021-02-26,117.99797821044922,121.49139980199843,117.93958722628282,119.2921941436735,164560400
2021-03-01,124.3523178100586,124.4885510714253,119.48682297794498,120.42099709481208,116307900
2021-03-02,121.754150390625,125.25730532990295,121.64710890595583,124.95564701355688,102260900
2021-03-03,118.77648162841797,122.32829506323422,118.5623986243893,121.4525043304613,112966300
2021-03-04,116.89837646484375,120.2750310748952,115.42900236715201,118.47479946720621,178155000
2021-03-05,118.1536865234375,118.65970219404976,114.40725661331615,117.72552798386944,153766600
2021-03-08,113.22978973388672,117.74496808125187,113.08382341259126,117.67685145453473,154376600
2021-03-09,117.83255004882812,118.77645723226702,115.59442688495044,115.827968557669,129525800
2021-03-10,116.75244903564453,118.88353130372107,116.23670020677328,118.41644783023496,111943300
2021-03-11,118.67915344238281,119.89552719538874,117.99798711036199,119.24355264557505,103026500
2021-03-12,117.77416229248047,117.9103955487277,115.95447204511132,117.16111263936789,88105100
2021-03-15,120.654541015625,120.66427408423421,117.18057793774676,118.14395127784391,92403800
2021-03-16,122.1920394897461,123.79765430298438,121.36490683570095,122.31853968534864,115227900
2021-03-17,121.40382385253906,122.47423118424491,119.04891881379946,120.71292450730932,111932600
2021-03-18,117.28762817382812,119.86634216018179,117.08327826271949,119.57440947336566,121229700
2021-03-19,116.76216125488281,118.16342636251116,116.46050290360724,116.67458589773459,185549500
2021-03-22,120.07069396972656,120.5377847911862,117.024896545298,117.0930131834112,111912300
2021-03-23,119.2435531616211,120.89781850320577,118.85431207414345,120.01230226774646,95467100
2021-03-24,116.85945892333984,119.59387224546333,116.84000020937296,119.51602254128295,88530500
2021-03-25,117.34600830078125,118.38723138862223,115.79878440882977,116.32425877519718,98844700
2021-03-26,117.94932556152344,118.2120664416162,115.72092802368101,117.1124598512715,94071200
2021-03-29,118.12449645996094,119.28248673827066,117.48225492917581,118.3775042989523,80819200
2021-03-30,116.67457580566406,117.16112532326552,115.66255191815422,116.8789257121579,85671900
2021-03-31,118.86405944824219,120.19720049628938,117.8909603245139,118.37750988637804,118323800
2021-04-01,119.69116973876953,120.83942678607517,119.19488720011346,120.33341860340158,75089100
2021-04-05,122.51319122314453,122.76619909485518,119.75931869504464,120.53780102761998,88651200
2021-04-06,122.81481170654297,123.71006091586875,122.26987869637169,123.09701127942607,80171300
2021-04-07,124.45936584472656,124.47882455845117,121.7736104771957,122.4450511751175,83466700
2021-04-08,126.85318756103516,126.88237934347556,125.06268894589843,125.48111439308595,88844600
2021-04-09,129.42218017578125,129.46109760648577,125.9871415439433,126.30826602843275,106686700
2021-04-12,127.70952606201172,129.2762161435529,127.11593504109703,128.95509167174853,91420000
2021-04-13,130.81370544433594,131.03752892907758,128.380957683949,128.87724772998885,91266500
2021-04-14,128.478271484375,131.36837696548068,128.1182295730411,131.3099933958929,87222800
2021-04-15,130.88182067871094,131.36837019796266,130.04495491166549,130.22012045971883,89347100
2021-04-16,130.5509490966797,131.0472241792983,129.6946173321828,130.68718234573052,84922400
2021-04-19,131.2126922607422,131.82574950678435,129.75304346412022,129.91846854593953,94264200
2021-04-20,129.52920532226562,131.88410306298763,128.26417368348118,131.38782793049364,94812300
2021-04-21,129.90867614746094,130.1519508218944,127.76786198210814,128.7993442259767,68847100
2021-04-22,128.39068603515625,130.54122653689166,127.8749447465964,129.46108603950333,84566500
2021-04-23,130.7066650390625,131.4851323617936,128.60476763173878,128.60476763173878,78657500
2021-04-26,131.0959014892578,131.426751593288,129.9671030596472,131.20294297565732,66905100
2021-04-27,130.77479553222656,131.76736083305914,130.5023289552631,131.3781122600293,66015800
2021-04-28,129.98658752441406,131.38785269000346,129.5000379446019,130.69694575341165,107760100
2021-04-29,129.88926696777344,133.38270410909877,128.88697605750357,132.7988386951313,151101000
2021-04-30,127.92362976074219,129.96712921001927,127.54412165956818,128.2350137894491,109839500
2021-05-03,128.9744873046875,130.4633418853958,128.2835955848447,128.48793798433914,75135100
2021-05-04,124.41070556640625,127.95279275381809,123.29164023246338,127.66086008438737,137564700
2021-05-05,124.65400695800781,126.94078104975206,124.52749931714487,125.72440711319194,84000900
2021-05-06,126.24988555908203,126.25961120491856,123.71008883004946,124.44964624226809,78128300
2021-05-07,126.92245483398438,127.94593245749884,126.2108752190309,127.54629547170842,78973300
2021-05-10,123.64728546142578,126.26936319427197,123.60829449035425,126.14265555263232,88071200
2021-05-11,122.73101806640625,123.08192191649415,119.67029018955704,120.38186236478138,126142800
2021-05-12,119.67029571533203,121.49308457084182,119.16342796467423,120.28439421406758,112172300
2021-05-13,121.81474304199219,122.96495055227784,121.12267010296466,121.43459040557941,105861300
2021-05-14,124.23213958740234,124.66103284772763,122.67253787272075,123.06244016058305,81918000
2021-05-17,123.08193969726562,123.72527962836065,122.00971391554195,123.61805630651149,74244600
2021-05-18,121.69776153564453,123.78372980629568,121.62952920667057,123.36458623209384,63342900
2021-05-19,121.54181671142578,121.76600548369002,119.75801895076617,120.050447495282,92612000
2021-05-20,124.09566497802734,124.49531683623646,121.94146411990351,122.06818662946591,76857100
2021-05-21,122.26313781738281,124.76825004025154,122.04869119774337,124.59279439116175,79295400
2021-05-24,123.89097595214844,124.70977148763245,122.76026751533502,122.82849985689472,63092900
2021-05-25,123.69605255126953,125.0802062923452,123.13069450468714,124.59282276785399,72009500
2021-05-26,123.64728546142578,124.17365241574042,123.228141818366,123.75450877268065,56575900
2021-05-27,122.11692810058594,124.41734339161216,121.92198067731965,123.24764397847942,94625600
2021-05-28,121.46382904052734,122.6237861257757,121.40534630909178,122.3995899273286,71311100
2021-06-01,121.14216613769531,122.18515038351808,120.8107540580726,121.9219706400981,67637100
2021-06-02,121.90248107910156,122.07793673418138,120.91798692698966,121.14217571934485,59278900
2021-06-03,120.42085266113281,121.6977752920281,120.02120080570538,121.53206925104124,76229200
2021-06-04,122.7115249633789,122.97471215998662,120.72303005127523,120.93747667465416,75169300
2021-06-07,122.7212905883789,123.1306846845905,121.67830614130558,122.98447038258112,71057600
2021-06-08,123.5400619506836,125.21664395698274,123.02344459916287,123.40359727053726,74403800
2021-06-09,123.92019653320312,124.52454534046706,123.32559732645998,123.99817846383709,56877900
2021-06-10,122.92597198486328,124.95345787476269,122.7602659341765,123.81299241371467,71186400
2021-06-11,124.13465881347656,124.22239035571975,122.91621888119515,123.33536251537065,53522400
2021-06-14,127.18565368652344,127.2441364345247,123.8617527922061,124.59281688929634,96906500
2021-06-15,126.36681365966797,127.30258186465433,126.12312572721153,126.6592421533219,62746300
2021-06-16,126.86396789550781,127.58528973592168,125.21664949570912,127.07841452715692,91815000
2021-06-17,128.46255493164062,129.20337594415264,126.37658632134162,126.52280804022224,96721700
2021-06-18,127.16613006591797,128.1896075868194,126.95168347380675,127.40981802299594,108953300
2021-06-21,128.95968627929688,129.06690958900398,125.9477063159808,127.01018237446559,79663300
2021-06-22,130.59725952148438,130.69474066397615,128.29684436989922,128.7939773736595,74783600
2021-06-23,130.32435607910156,130.92871251033458,129.86622139067492,130.39259586711862,60214200
2021-06-24,130.0416717529297,131.240612583958,129.57378007008424,131.0554073186903,68711000
2021-06-25,129.7492218017578,130.50952706925113,129.45679326652197,130.09039090512184,70783700
2021-06-28,131.37701416015625,131.83514858356367,129.98312656766066,130.04160928153763,62111300
2021-06-29,132.887939453125,133.04390333984907,130.95793469390316,131.39657011097157,64556100
2021-06-30,133.50198364257812,133.940618881177,132.4394931109139,132.7319215611561,63261400
2021-07-01,133.80416870117188,133.86265142282898,132.33228412965926,133.1510868534501,52485800
2021-07-02,136.4263153076172,136.46529884864614,134.27210654572147,134.41831341650158,78852600
2021-07-06,138.43429565429688,139.5357553993497,136.53353205806397,136.53353205806397,108181800
2021-07-07,140.91990661621094,141.2318195282519,139.0581266890823,139.91589835234652,104911600
2021-07-08,139.62347412109375,140.42276298269945,137.11835448019005,138.0053823208354,105575500
2021-07-09,141.44627380371094,141.972633378387,139.04837716154248,139.14585831818513,99890800
2021-07-12,140.8516387939453,142.62569425576672,140.36426288116348,142.51847096001342,76299700
2021-07-13,141.96282958984375,143.73688473062327,140.0035841294874,140.39347883974256,100827100
2021-07-14,145.3842315673828,145.79364043052715,143.95134516697595,144.3607540301203,127050800
2021-07-15,144.73114013671875,146.21276700697837,143.37623575739534,145.47196100861444,106820300
2021-07-16,142.6939239501953,145.97883295333372,142.19680585690423,144.71166743629377,93251400
2021-07-19,138.85340881347656,140.43251704679776,138.0931035014654,140.12058929133983,121434600
2021-07-20,142.4600067138672,143.38603306380864,139.35056015600642,139.83793618290784,96350000
2021-07-21,141.72891235351562,142.44049190950972,140.97836414159778,141.85563485293181,74993500
2021-07-22,143.0935821533203,144.4582288663732,142.12857241610413,142.25529492286392,77338200
2021-07-23,144.8091278076172,144.96509166825837,143.210535419876,143.82463382519293,71447400
2021-07-26,145.2283172607422,146.04710543551434,143.9708787526298,144.5264945756414,72434100
2021-07-27,143.0642852783203,145.44268137558498,141.87508722968798,145.35494243458288,104818600
2021-07-28,141.3195037841797,143.25926511063363,138.9411071473103,141.1537977724019,118931200
2021-07-29,141.96282958984375,142.8498571602335,140.92959522149076,141.0368184978404,56699500
2021-07-30,142.17733764648438,142.63547230965827,140.47152152252852,140.73470874624329,70440600
2021-08-02,141.84588623046875,143.23977416644965,141.5826990796388,142.66467417357075,62880000
2021-08-03,143.6394500732422,144.30227426975748,141.51448305654833,142.12858155366985,64786600
2021-08-04,143.23977661132812,144.05856456840556,142.5866946784069,143.55170433223327,56368300
2021-08-05,143.34701538085938,144.107320690727,142.47948676454712,143.26903344221475,46397700
2021-08-06,142.66366577148438,143.61059289976055,142.16580285802874,142.86867690985883,54126800
2021-08-09,142.6148681640625,143.21035833317768,142.05843483321482,142.72225212556916,48908700
2021-08-10,142.13653564453125,144.196344465899,141.84366893661831,142.9565505100319,69023100
2021-08-11,142.39036560058594,143.22990900393347,142.06821366601775,142.57584837162412,48493500
2021-08-12,145.3482666015625,145.50446416374155,142.37081574173467,142.71249604702388,72282600
2021-08-13,145.5532684326172,145.88517705910473,144.7430103885552,145.42635605950554,59375000
2021-08-16,147.52520751953125,147.59354953492934,142.98582599022765,145.00657783567002,103296000
2021-08-17,146.61732482910156,148.07187159409528,145.5434853619502,146.65636676617194,92229700
2021-08-18,142.87844848632812,147.13473517673972,142.67343732669485,146.2366215497856,86326000
2021-08-19,143.21034240722656,144.4794213850425,141.0626783117476,141.5800696426097,86960300
2021-08-20,144.66488647460938,144.9675098694575,143.28842371499448,143.93272733385453,60549600
2021-08-23,146.14877319335938,146.61735100093347,144.37205937525184,144.78206681885666,60131800
2021-08-24,146.06088256835938,147.27139120779157,145.60206158624175,145.89492826143862,48606400
2021-08-25,144.8308563232422,146.74423897086186,144.28417982272728,146.24636116832204,58991300
2021-08-26,144.03038024902344,145.5727977281921,144.00109506679658,144.82112485660906,48597200
2021-08-27,145.065185546875,145.2116114656549,143.33728522616812,143.97181740197544,55802400
2021-08-30,149.4776153564453,149.83882401907485,145.07490345956626,145.45562564226032,90956700
2021-08-31,148.21829223632812,149.1652192116683,147.69112933468762,149.0285501067643,86453100
2021-09-01,148.8821258544922,151.293371319359,148.71617155840954,149.1945209265185,80313700
2021-09-02,149.99501037597656,151.03956466217258,148.77474502994417,150.20977826854366,71115500
2021-09-03,150.6295623779297,150.9517142276546,149.44833892893834,150.10239938899159,57808700
2021-09-07,152.96270751953125,153.51914078415754,150.71741625258127,151.2836211735212,82278300
2021-09-08,151.42030334472656,153.3043860941943,150.31717858511598,153.24581573453693,74420200
2021-09-09,150.405029296875,152.39649574316758,150.2878736971047,151.7912489116524,57305700
2021-09-10,145.42636108398438,151.7814983871202,145.1627795675759,151.31292061025323,140893200
2021-09-13,145.99256896972656,147.818081410703,145.21159606216116,147.04688016056696,102404300
2021-09-14,144.59658813476562,147.47642687466802,143.4153793726529,146.77355269563384,109296300
2021-09-15,145.48487854003906,145.88512904981255,142.88815094916558,145.0260576914331,83281300
2021-09-16,145.25062561035156,145.42635157507343,143.71798000246844,144.90896023332135,68034100
2021-09-17,142.58555603027344,145.27991132028194,142.29268938190515,145.27991132028194,129868800
2021-09-20,139.53976440429688,141.39456149508126,137.90949193283979,140.3793074328847,123478900
2021-09-21,140.0181427001953,141.16032435989862,139.38361057442205,140.50624891873463,75834000
2021-09-22,142.38055419921875,142.94674416241062,140.28168904837355,141.0138481925674,76404300
2021-09-23,143.3372802734375,143.58133339351843,142.17558503852095,143.16155428115266,64838200
2021-09-24,143.4250946044922,143.96201429353556,142.09744541695585,142.19507259526048,53477900
2021-09-27,141.91201782226562,142.48799456461782,140.39890024168955,142.0096450384804,74150700
2021-09-28,138.53428649902344,141.30672576458994,138.31951860844126,139.84240736288436,108972300
2021-09-29,139.43240356445312,141.0138627120859,138.6514307510702,139.08096654322168,74602000
2021-09-30,138.134033203125,140.94552924628812,137.91926531672686,140.24265523549735,89056700
2021-10-01,139.2566680908203,139.5202495626883,135.80088336468526,138.52450892126643,94639600
2021-10-04,135.83016967773438,138.8271483868743,134.98086980059804,138.38784096480848,98322000
2021-10-05,137.7533416748047,138.85646652806082,136.04496985928344,136.17188224652747,80861100
2021-10-06,138.6221466064453,138.76857249312508,135.07849119061893,136.15233067899587,83221100
2021-10-07,139.88145446777344,140.7893396562003,139.32502120039112,139.65692980871162,61732700
2021-10-08,139.50074768066406,140.75029837603776,139.16883903566588,140.60387247260306,58773200
2021-10-11,139.4128875732422,141.36531233280488,138.43667519346084,138.88573944232053,64452200
2021-10-12,138.14376831054688,139.8423827196876,137.68494743386773,139.82285430694407,73035900
2021-10-13,137.55809020996094,138.03642474342516,135.88876048394778,137.88024208325538,78762700
2021-10-14,140.34024047851562,140.45739605494873,138.14376334202237,138.72949653674615,69907100
2021-10-15,141.3945770263672,141.453147377337,140.09621296187518,140.35003767716657,67940300
2021-10-18,143.0638885498047,143.3469835092285,139.75453007307178,140.03762503249558,85589200
2021-10-19,145.2213134765625,145.62156403141842,143.0638929755576,143.51294222106137,76378900
2021-10-20,145.70944213867188,146.18779152686344,144.59656071553547,145.16276563549152,58418800
2021-10-21,145.9241943359375,146.08039186170322,144.35249211048287,145.2701339545865,61421000
2021-10-22,145.15301513671875,146.6075619891813,145.1042015405824,146.12922747617256,58883400
2021-10-25,145.10421752929688,145.8168484447923,144.1084766625064,145.14325947301697,50720600
2021-10-26,145.76805114746094,147.25188335627817,145.46541277347194,145.77780790953028,60893400
2021-10-27,145.30921936035156,146.16827612937263,144.9577823061733,145.80708231384622,56094900
2021-10-28,148.9407196044922,149.52643805425132,146.1585085567286,146.256135746264,100077900
2021-10-29,146.23660278320312,146.37327190681347,142.92724374395107,143.7179733088264,124953200
2021-11-01,145.41659545898438,146.1389830509936,144.28418557941234,145.44588063726485,74588300
2021-11-02,146.45138549804688,147.96451766703325,145.11396440756303,145.12373606469237,69122000
2021-11-03,147.88644409179688,148.35502194347706,146.25617092597884,146.81260433188254,54511500
2021-11-04,147.36900329589844,148.80402155525002,147.05660823548425,147.97425010568048,60394600
2021-11-05,147.89694213867188,148.79636649786093,146.70422366033108,148.49330137784227,65463900
2021-11-08,147.07571411132812,148.18044870579655,146.80197694204415,148.02402320404659,55020900
2021-11-09,147.43740844726562,148.04353851031115,146.70418082227025,146.84104938223388,56787900
2021-11-10,144.612060546875,146.7726448402154,144.54363371528353,146.66510417552323,65187100
2021-11-11,144.56320190429688,146.0883134852804,144.37744845730748,145.62883774477925,41000000
2021-11-12,146.6358184814453,147.03663842202138,144.18193940351156,145.11069182006318,63804000
2021-11-15,146.64556884765625,148.483531417499,146.08830852560698,147.00728981052836,59222800
2021-11-16,147.62319946289062,148.102247003654,146.00031832566742,146.58690654221206,59256200
2021-11-17,150.05751037597656,151.53373689410836,147.61341784542643,147.62318884522813,88807000
2021-11-18,154.33956909179688,155.12168178008048,149.627365877677,150.2726099643279,137827700
2021-11-19,156.95962524414062,157.41911583313842,153.02952027938457,154.12446895909494,117305600
2021-11-22,157.41912841796875,161.99446283900974,157.39957149925132,158.0643575600625,117467900
2021-11-23,157.8004150390625,158.18169292863084,155.502961782972,157.51689191338718,96041900
2021-11-24,158.3185577392578,158.51408217991857,156.06998937776268,157.15516717862224,69463600
2021-11-26,153.30325317382812,156.8618512011978,152.86331951425362,156.0015407986573,76959800
2021-11-29,156.65658569335938,157.5853380225465,155.23899986098183,155.80603121042097,88748200
2021-11-30,161.6033935546875,161.81847488073362,156.3437019010155,156.41214364910118,174048100
2021-12-01,161.0852508544922,166.49158221025922,160.85061260681175,163.73463874085127,152052500
2021-12-02,160.09783935546875,160.52800204808736,154.27113083970096,155.19011206164845,136739200
2021-12-03,158.2207489013672,161.27098610748033,156.14816349171144,160.3520050545032,118023100
2021-12-06,161.62298583984375,164.12573463510114,160.60623481829575,160.61600581977925,107497000
2021-12-07,167.3518829345703,167.74294665807957,164.57539762665544,165.29885432698077,120405400
2021-12-08,171.16468811035156,172.02501344578044,166.8826332677211,168.280661937793,116998900
2021-12-09,170.6563262939453,172.79735388590385,170.03063915946248,170.9985052389604,108923700
2021-12-10,175.4369659423828,175.61294836881706,170.78341894665584,171.29179439045112,115402700
2021-12-13,171.80995178222656,178.05705234389498,171.60464142456377,177.06962931153166,153237000
2021-12-14,170.43148803710938,173.76523433574428,168.3589020297747,171.33091243496327,139380400
2021-12-15,175.2903289794922,175.48585340924998,168.4566405154073,171.19402728468987,131063300
2021-12-16,168.40773010253906,177.08915070687198,166.93150372687032,175.27074544292535,150185800
2021-12-17,167.31280517578125,169.59070130648584,165.89523442801953,166.12985777423478,195432700
2021-12-20,165.95388793945312,166.76532847471316,163.71510567618958,164.51676029378936,107499100
2021-12-21,169.1214599609375,169.3267554134747,165.33799395674112,167.72343104614094,91185900
2021-12-22,171.71218872070312,171.92727008747283,168.30022969109157,169.1703261593658,92135300
2021-12-23,172.3378448486328,172.89510508509778,171.35043687369296,171.91746810959268,68356600
2021-12-27,176.2972869873047,176.38527073958,173.11019564746687,173.12973764737882,74919600
2021-12-28,175.28057861328125,177.27496698697752,174.537579662478,176.13113317745794,79144300
2021-12-29,175.36856079101562,176.5906072567406,174.15628532669507,175.31967594887476,62348900
2021-12-30,174.21493530273438,176.53194546765312,174.10739462067014,175.45653864701075,59773000
2021-12-31,173.5989990234375,175.22186501048878,173.29591904054473,174.10735949284833,64062300
2022-01-03,177.939697265625,178.7902515625947,173.73587028238754,173.85318194367048,104487900
2022-01-04,175.68142700195312,178.84897735364942,175.11439555468615,178.54591216508095,99310400
2022-01-05,171.00830078125,176.1408961877194,170.73456355297643,175.59342173117227,94537600
2022-01-06,168.15359497070312,171.37980064842037,167.80164498917833,168.83793801323478,96904000
2022-01-07,168.31980895996094,170.2457555978546,167.2053030557917,169.0237089960216,86709100
2022-01-10,168.33935546875,168.6424206204467,164.40924966346103,165.29890311477462,106765600
2022-01-11,171.16468811035156,171.26244286002324,166.99995985190662,168.46641535499305,76138300
2022-01-12,171.60464477539062,173.21774007794218,170.91053076473975,172.18144710369126,74805200
2022-01-13,168.33935546875,172.6702811972984,167.9482916298187,171.84906951188285,84505800
2022-01-14,169.19967651367188,169.8937905683483,167.2639441267619,167.508353425533,80440800
2022-01-18,166.0027618408203,168.68147761318977,165.62148401611884,167.6745127192973,90956700
2022-01-19,162.51263427734375,167.25418085979933,162.22912604138475,166.19833085017333,94815000
2022-01-20,160.83106994628906,165.8854518373375,160.50844792121475,163.24583471657064,91420500
2022-01-21,158.77801513671875,162.61035005803072,158.67047447923693,160.74305996791702,122848900
2022-01-24,158.00570678710938,158.67050778679211,151.24045969712583,156.44149634340394,162294600
2022-01-25,156.20684814453125,159.1202024043847,153.5085752311325,155.4247355135648,115798400
2022-01-26,156.1188507080078,160.713741500623,154.2906743409117,159.84364519078215,108275300
2022-01-27,155.65936279296875,160.17604091465265,154.7403816352541,158.817126094803,121954600
2022-01-28,166.52093505859375,166.54049197821774,159.15932862262193,162.00425626677838,179935700
2022-01-31,170.87139892578125,171.0864802658057,165.71924760028926,166.3547206203823,115541600
2022-02-01,170.70521545410156,170.93006781127377,168.45664712970438,170.1186272242385,86213900
2022-02-02,171.90773010253906,171.94684394629172,169.45386598046034,170.8421090824681,84914300
2022-02-03,169.03343200683594,172.2987509371964,168.27087633720052,170.57810026310062,89418100
2022-02-04,168.74960327148438,170.42349941150601,167.07570713146276,168.05458991972742,82465400
2022-02-07,168.0349884033203,170.27662295458384,167.3399751947351,169.20964451994723,77251200
2022-02-08,171.13803100585938,171.64705409326743,167.80982151011347,168.10348925040896,74829200
2022-02-09,172.5574188232422,172.9196005956565,171.20655609241282,172.33228001362485,71285000
2022-02-10,168.4852752685547,171.7743215374217,167.92731993059743,170.4626223841964,90865900
2022-02-11,165.0787811279297,169.4250227899619,164.4914455219278,168.690860750742,98670700
2022-02-14,165.31369018554688,165.99890498473425,163.04267549502603,163.83556797241158,86185500
2022-02-15,169.14111328125,169.29773807776493,166.654758116967,167.35955476472148,62527400
2022-02-16,168.90621948242188,169.67953027359678,166.45901263665095,168.22100455291906,61177400
2022-02-17,165.31369018554688,168.27970312361404,164.91234475439344,167.41828169802858,69589300
2022-02-18,163.76707458496094,166.93864489391834,162.68051421778296,166.23386310925557,82772700
2022-02-22,160.8500213623047,163.16996871038384,158.7258326412145,161.49607262837773,91162800
2022-02-23,156.68971252441406,162.641304356549,156.37646298769116,162.044185496661,90009200
2022-02-24,159.30335998535156,159.4110376690062,148.79015546543386,149.35790916683425,141147500
2022-02-25,161.3688201904297,161.6331077669388,157.47285626304333,160.38013909716133,91974200
2022-02-28,161.6331024169922,161.9267702066246,158.99990563300975,159.6166064975814,95056600
2022-03-01,159.7536163330078,163.08182569745117,158.5495950755146,161.22194003999604,83474400
2022-03-02,163.04270935058594,163.82581854222389,159.5089420061074,160.9185355637426,79724800
2022-03-03,162.7196807861328,165.34309441078548,162.05404766344782,164.91238359654656,76678400
2022-03-04,159.7242889404297,162.0540345545001,158.67689221468046,161.01642127862274,83737200
2022-03-07,155.9359893798828,161.53519862355543,155.6814703637219,159.91025004561254,96418800
2022-03-08,154.11529541015625,159.44041971330986,152.50992837199067,155.4661583222758,131148300
2022-03-09,159.50892639160156,159.95921898709753,156.04368834876885,158.06996768709067,91454900
2022-03-10,155.1724853515625,157.0029911685478,152.6861150001443,156.81700107101284,105342000
2022-03-11,151.4624786376953,155.9163968116597,151.23733985445327,155.5737819765236,96970100
2022-03-14,147.4392852783203,150.86537421208124,146.9302771053436,148.2517595892854,108732100
2022-03-15,151.81492614746094,152.28480063427574,147.204396636905,147.71340492610565,92964300
2022-03-16,156.2198944091797,156.6212399212536,151.19823606106897,153.73353879751855,102300200
2022-03-17,157.22813415527344,157.60011436017203,154.30128444798586,155.26058530967927,75615400
2022-03-18,160.5171661376953,161.0066074424884,156.3862803303168,157.1204422875064,123511700
2022-03-21,161.88760375976562,162.83712104497158,159.56764191840216,160.05708320205216,95811400
2022-03-22,165.25498962402344,165.84231029999864,161.42755456550663,162.01487524148183,81532000
2022-03-23,166.6156005859375,168.9942779440516,164.1096487837443,164.44248019289995,98062700
2022-03-24,170.39410400390625,170.46261801995993,166.61561651162776,167.44765777264146,90131400
2022-03-25,171.03036499023438,171.578536843318,169.10196511927478,170.20810721060892,80546200
2022-03-28,171.8917999267578,172.0190445148475,168.36781639958284,168.53422465828777,90371900
2022-03-29,175.18084716796875,175.22977935165113,172.6161644453855,172.95877935054617,100589400
2022-03-30,174.01596069335938,175.8171010585222,172.96854916161706,174.77948791199498,92633200
2022-03-31,170.92269897460938,174.27047582290578,170.7171270473916,174.08448573079536,103049300
2022-04-01,170.62905883789062,171.18702920461877,168.3091113767006,170.35497284823808,78751300
2022-04-04,174.67185974121094,174.72080687147195,170.7563283054037,170.8835878567689,76468400
2022-04-05,171.36318969726562,174.53477477488693,170.73670541562527,173.7516656886956,73401800
2022-04-06,168.20143127441406,169.96342328033663,166.53733352192953,168.72023795719042,89058800
2022-04-07,168.50486755371094,169.69910564386342,166.26323274049562,167.54556668896316,77594700
2022-04-08,166.49813842773438,168.1524524173325,165.62693350816983,168.1524524173325,76575500
2022-04-11,162.24978637695312,165.46052001953282,162.0050657338506,165.1472853633742,72246700
2022-04-12,164.11949157714844,166.2828141709391,163.12102695263263,164.4718899777678,79265200
2022-04-13,166.8015899658203,167.42807423573976,163.24825626550125,163.8551587010773,70618900
2022-04-14,161.7995147705078,167.6532440657547,161.55479409572018,167.01696134936807,75329400
2022-04-18,161.58416748046875,163.08185675186522,160.11584349387897,160.45844346214486,69023900
2022-04-19,163.86492919921875,164.2760730051198,160.4486387361769,161.53519893963082,67723800
2022-04-20,163.6985626220703,165.3137281661249,162.59243524088046,165.1962520760154,67929800
2022-04-21,162.90567016601562,167.90776176039836,162.40644532626558,165.3430936610523,87227800
2022-04-22,158.3734130859375,164.32502122927878,158.08954369720692,162.94480808191494,84882400
2022-04-25,159.44041442871094,159.7242838315626,155.11375480994548,157.71757136622622,96046400
2022-04-26,153.48878479003906,158.91178747297153,153.41047239469103,158.8236916294158,95623200
2022-04-27,153.2636260986328,156.4156137171025,152.09875364091826,152.61756012327783,88063200
2022-04-28,160.18434143066406,161.0457628626786,155.57379800357486,155.88704759214835,130216800
2022-04-29,154.32078552246094,162.69023200676003,153.92923858494447,158.42230466697427,131747600
2022-05-02,154.62429809570312,154.88858563658798,150.0333364297974,153.40069487713816,123055300
2022-05-03,156.11219787597656,157.31623426694395,153.0189401124905,154.81028218380573,88966500
2022-05-04,162.5141143798828,162.96439206944154,155.89685759161674,156.29820309411934,108256500
2022-05-05,153.4594268798828,160.61505617925764,151.6778534074066,160.38991736716943,130525300
2022-05-06,154.18487548828125,156.3023722983105,151.14587460582203,152.93986371222095,116124600
2022-05-09,149.06759643554688,152.76341048572758,148.50882129057032,151.8811126841976,131577900
2022-05-10,151.46937561035156,153.65550196924158,149.92046680625165,152.45950928453797,115366700
2022-05-11,143.61703491210938,152.39090538432077,142.94061098912724,150.47928231405317,142689800
2022-05-12,139.75454711914062,143.32291464808353,136.06854586723028,139.9604210928437,182602000
2022-05-13,144.2150115966797,145.18553469561974,140.2937279042498,141.74459868206603,113990900
2022-05-16,142.67591857910156,144.61696502202452,141.3426813570236,142.68573136301794,86643800
2022-05-17,146.30311584472656,146.82268479374127,143.79348144376362,145.9305890667493,78336300
2022-05-18,138.04876708984375,144.46005783667513,137.14685888931075,143.96009966859182,109742900
2022-05-19,134.64707946777344,138.87226008655338,133.91183880440775,137.12729010884627,136095600
2022-05-20,134.88233947753906,137.93113785871375,130.00034593006458,136.3528207232791,137426100
2022-05-23,140.29371643066406,140.4407585737006,134.941158046499,135.07840236616943,117726300
2022-05-24,137.59783935546875,139.17615657107172,134.62746828487894,138.03898075989613,104132700
2022-05-25,137.7546844482422,138.99968110716551,135.61757730341805,135.70580258630076,92482700
2022-05-26,140.95053100585938,141.49950829001511,134.44120114221013,134.68628135538745,90601500
2022-05-27,146.69522094726562,146.73442720207444,142.40141055796454,142.5288570634857,90978500
2022-05-31,145.9109344482422,147.69512536408004,143.95029298038025,146.13641898717157,103718400
2022-06-01,145.7835235595703,148.75389460714223,144.7737792988703,146.95009283292427,74286600
2022-06-02,148.23431396484375,148.29313081917098,143.96991252402043,144.920824891666,72348100
2022-06-03,142.51905822753906,145.05808578629097,141.6171647882395,144.0091352358549,88570300
2022-06-06,143.26405334472656,145.64624020541058,142.04845040328442,144.13653808927214,71598400
2022-06-07,145.7835235595703,146.06781003090646,141.26424373812605,141.50932395629872,67808200
2022-06-08,145.04830932617188,146.92071116560922,144.5581488005419,145.65610359122917,53950200
2022-06-09,139.83299255371094,145.0384948829892,139.72515664096548,144.18562036487367,69473000
2022-06-10,134.431396484375,137.98995082700978,134.36276684809005,137.51940103001422,91437900
2022-06-13,129.28466796875,132.53932414061902,128.85332456992927,130.2551756575934,122207100
2022-06-14,130.14739990234375,131.25516732822615,128.89259032192393,130.5101288143863,84784300
2022-06-15,132.7648468017578,134.63726323315953,129.5592083618082,131.64728162043858,91533000
2022-06-16,127.50053405761719,129.7846835531672,126.50060254968962,129.4807864670593,108123900
2022-06-17,128.97100830078125,130.4611001773296,127.25544681769559,127.51033981148552,134520300
2022-06-21,133.19619750976562,134.36278178825876,130.69639115129178,130.79441426737327,81000500
2022-06-22,132.68643188476562,135.04899374439105,131.27476747959807,132.13743964836019,73409200
2022-06-23,135.54896545410156,135.8626603415122,132.9609190593017,134.12750324123766,72433800
2022-06-24,138.87229919433594,139.1173794844748,137.01949279922658,137.14692437830942,89116800
2022-06-27,138.87229919433594,140.66628871317417,138.19587520019041,139.89182661956758,70207900
2022-06-28,134.73532104492188,140.59763645444562,134.61768731128618,139.33302894232776,67083400
2022-06-29,136.4900665283203,137.90173093297278,133.98044756827542,134.75490940956817,66242400
2022-06-30,134.02947998046875,135.64700354645933,131.13753620204082,134.5490488814723,98964500
2022-07-01,136.19598388671875,136.3038197907336,132.9903451154339,133.36285690870372,71051600
2022-07-05,138.77423095703125,138.82324999611623,134.23534018265374,135.05882114715405,73353800
2022-07-06,140.1074676513672,141.28384979355582,138.30368070277723,138.5683715462856,74064300
2022-07-07,143.46995544433594,143.66601661315485,140.46036340026106,140.4701612232241,66253700
2022-07-08,144.14637756347656,144.64635079248632,142.1465295229667,142.40140757015126,64547800
2022-07-11,142.01910400390625,143.75427642973983,140.95055766241197,142.80336382609462,63141600
2022-07-12,142.9896240234375,145.52865186539117,142.19556639366533,142.89158593841137,77588800
2022-07-13,142.62689208984375,143.56799177024092,139.3232005090592,140.17608985764943,71185600
2022-07-14,145.54823303222656,146.0187828364424,140.43095716603992,141.24462523992875,78140700
2022-07-15,147.2147674560547,147.89119117713278,145.28353435270415,146.83244295612025,76259900
2022-07-18,144.1758270263672,148.58727184385728,143.813098058474,147.77360356027648,81420900
2022-07-19,148.02845764160156,148.25392726287154,144.01894870347078,145.0090674390563,82982400
2022-07-20,150.02830505371094,150.6949310490213,147.41085002655058,148.14609070693865,64823400
2022-07-21,152.2928466796875,152.50851845862235,148.94994906470606,151.45956799212024,65086600
2022-07-22,151.05764770507812,153.20455292364784,150.3910366563313,152.33206789895848,66675400
2022-07-25,149.94009399414062,151.98896129458768,149.28328071900498,150.97923186102722,53623900
2022-07-26,148.6166229248047,150.07729118277658,147.83236337932289,149.26362321320852,55138700
2022-07-27,153.7044677734375,154.23384929996675,149.16559334630273,149.57732622332216,78620700
2022-07-28,154.25350952148438,154.53779601902812,151.37136349671525,153.89078059336344,81378700
2022-07-29,159.3119354248047,160.409904944982,156.36117506106663,158.0669387195233,101786900
2022-08-01,158.33164978027344,160.37071938994356,157.72385550686172,157.84148924790597,67829400
2022-08-02,156.8611602783203,159.21393969022574,156.48864846428177,156.94940053816907,59907000
2022-08-03,162.86073303222656,163.31167231688755,157.58660124880873,157.67482654904526,82507500
2022-08-04,162.54702758789062,163.89987539598906,161.19417977979222,162.7430888021846,55474100
2022-08-05,162.3212127685547,162.81205403488926,160.01425282506756,160.22041274781424,56697000
2022-08-08,161.84999084472656,164.7361398246356,161.19226535966965,163.32251461167718,60276900
2022-08-09,161.89907836914062,162.78260161908204,160.2596703687026,161.01557009848563,63135500
2022-08-10,166.13995361328125,166.23811287684435,163.8428051524665,164.60851631297595,70170500
2022-08-11,165.40371704101562,167.85792369494868,165.10920924668594,166.94495103045548,57149200
2022-08-12,168.9475555419922,169.01626552422525,166.2970009450499,166.7093207555899,68039400
2022-08-15,170.01760864257812,170.21394216296972,168.21131628811554,168.3782005294128,54091700
2022-08-16,169.86056518554688,170.52811724537264,168.51566461022102,169.61514449782814,56377100
2022-08-17,171.35272216796875,172.9234055360259,169.40899457207655,169.6053281206725,79542000
2022-08-18,170.95999145507812,171.69625328732099,169.94885973714076,170.56732446959606,62290100
2022-08-19,168.37818908691406,170.5575254675204,168.1720291679761,169.8605242913159,70346300
2022-08-22,164.5005645751953,166.74861119438174,164.07843325743647,166.58172694573366,69026800
2022-08-23,164.1667938232422,165.61969500518398,163.597416059393,164.0195474098714,54147100
2022-08-24,164.4613037109375,165.03068148199358,163.20475103663767,164.2551587296091,53841500
2022-08-25,166.91546630859375,167.02345197761028,165.2662469773801,165.6883632421721,51218200
2022-08-26,160.62289428710938,167.91680343416758,160.56399573070382,167.44560000363606,78961000
2022-08-29,158.4239501953125,159.91609703205498,156.89252766433086,158.19815240165843,73314000
2022-08-30,155.9991912841797,159.58232691391927,154.83098655063566,159.1602105704912,77906200
2022-08-31,154.3401336669922,157.63858767600124,154.2615972644816,157.3735291899389,87991100
2022-09-01,155.06658935546875,155.5181549609377,151.83684522830168,153.77076113952282,74229900
2022-09-02,152.9559783935547,157.4226376540656,152.13136852434044,156.82381061062185,76957800
2022-09-06,151.6994171142578,154.21252227519972,150.87480729194033,153.60388383195894,73714800
2022-09-07,153.10324096679688,153.80022729759784,150.79628062278962,151.9841232844313,87449600
2022-09-08,151.6306915283203,153.49588236025656,149.88328282837716,151.80738719524012,84923800
2022-09-09,154.48739624023438,154.92916542303703,151.91539245059826,152.62220516793604,68028800
2022-09-12,160.43637084960938,161.2511691580026,156.38203213199495,156.6667134786447,104956000
2022-09-13,151.02203369140625,157.5993035102858,150.5606417135221,156.97102730327344,122656600
2022-09-14,152.4651336669922,154.22235404144755,150.79627611743592,151.95465448242936,87965400
2022-09-15,149.57896423339844,152.39640331677907,148.6071081028978,151.81719923234522,90481100
2022-09-16,147.9395751953125,148.57767791761873,145.6522527794473,148.4402429431555,162278800
2022-09-19,151.65032958984375,151.72886599832884,146.36888718799335,146.5750321533895,81474200
2022-09-20,154.02597045898438,155.1843635395565,150.2759512881002,150.59008188296497,107689800
2022-09-21,150.9042205810547,155.83227045116655,150.78642348575858,154.45790609581144,101696800
2022-09-22,149.94219970703125,151.6405063427645,148.14571882351763,149.58879338602387,86652500
2022-09-23,147.67449951171875,148.6954577569954,145.83875792782328,148.42058784002563,96029900
2022-09-26,148.00831604003906,150.95336436223522,146.89900971197227,146.91864756165486,93339400
2022-09-27,148.9801483154297,151.88593544780034,147.20330517830297,149.9422080635759,84442700
2022-09-28,147.0952911376953,147.88064007446383,142.18687900699845,144.9355927960457,146691400
2022-09-29,139.87014770507812,144.0324877695267,138.10311583907216,143.42384928540386,128138200
2022-09-30,135.6685333251953,140.4787870882612,135.47219979960417,138.69211755301987,124925300
2022-10-03,139.84071350097656,140.44936703001858,135.16790871082608,135.67838796700266,114311700
2022-10-04,143.423828125,143.54162523892447,141.61752082886468,142.3734205948832,87830100
2022-10-05,143.7183380126953,144.68039782185656,140.39043433471556,141.43103055560152,79471000
2022-10-06,142.76609802246094,144.83744897574383,142.55995305808347,143.13914221609966,68402200
2022-10-07,137.5238800048828,140.47875353363153,136.89560388548796,139.9289988222873,85925600
2022-10-10,137.84786987304688,139.29094450363405,136.03176603772727,137.84786987304688,74899000
2022-10-11,136.43423461914062,138.76083241469453,135.68816128454225,137.33738075448184,77033700
2022-10-12,135.80599975585938,137.78900327613292,135.62930403567515,136.5815375836669,70433700
2022-10-13,140.37078857421875,140.95978909716513,131.90867508719168,132.51732843397534,113224000
2022-10-14,135.8452606201172,141.8727919675868,135.65873850521228,141.66663200393148,88598000
2022-10-17,139.8014373779297,140.282452315822,137.7006369919499,138.48598615048115,85250900
2022-10-18,141.11688232421875,144.0128431743189,138.03439937209953,142.825015544548,99136600
2022-10-19,141.22486877441406,142.29489928414645,138.90809708603376,139.09461918905455,61758300
2022-10-20,140.76345825195312,143.21766459219867,140.0370077826972,140.40024050696854,64522000
2022-10-21,144.5724334716797,145.14181130627574,140.0370486455638,140.2530200648689,86548600
2022-10-24,146.71246337890625,147.47817461798252,143.3256613631015,144.49386606815804,75981900
2022-10-25,149.54954528808594,149.6968066869272,146.62413491177585,147.34075911907576,74732300
2022-10-26,146.6143035888672,149.20594507644813,145.32828678897533,148.19481318791426,88194300
2022-10-27,142.14764404296875,146.31979510961392,141.48991849585923,145.35775035197634,109180200
2022-10-28,152.8872528076172,154.61500878306214,145.11232844918345,145.4853576495381,164762400
2022-10-31,150.53121948242188,151.41474288743174,149.13723186575905,150.35452378899333,97943200
2022-11-01,147.89048767089844,152.60256746450293,146.39834080336652,152.23934967138234,80379300
2022-11-02,142.3734130859375,149.38262560122348,142.34396380900958,146.22160672381153,93604600
2022-11-03,136.33609008789062,140.1842842462697,136.2084665510831,139.45783369878677,97918500
2022-11-04,136.07061767578125,140.2890164015465,132.13737261509453,139.71869406725023,140814800
2022-11-07,136.60154724121094,136.82770454508952,133.40578684396397,134.8217569283286,83374600
2022-11-08,137.1719207763672,139.0697043062685,135.19547054516553,138.06673762400212,89908500
2022-11-09,132.61915588378906,136.23774833279379,132.3438299914245,136.18857977969958,74917800
2022-11-10,144.4188995361328,144.4188995361328,137.171901375878,138.88286812786214,118854000
2022-11-11,147.20169067382812,147.5065147597333,141.96063992686575,143.38645323831483,93979700
2022-11-14,145.8053741455078,147.77199641885335,144.96955367768106,146.48386123047396,73374100
2022-11-15,147.53599548339844,151.02675299903876,146.0806992107757,149.67962155098414,89868300
2022-11-16,146.30686950683594,147.36884742264508,144.831902680013,146.64120672406102,64218300
2022-11-17,148.20465087890625,148.95196191687904,143.71091192910288,143.98623783804743,80389400
2022-11-18,148.76515197753906,150.1516244369956,147.46718893347042,149.7681336507777,74829600
2022-11-21,145.53985595703125,147.86047052115927,145.25470236836378,147.65398361312236,58724100
2022-11-22,147.67364501953125,147.9096450709946,144.47788413446048,145.65786938764137,51804100
2022-11-23,148.54879760742188,149.29610855403772,146.8476588015229,146.95582360996656,58301400
2022-11-25,145.63819885253906,146.3953525551104,144.66471552066162,145.8348580598712,35195900
2022-11-28,141.8131103515625,144.19272111621666,140.9871327315936,142.7177546502144,69246000
2022-11-29,138.8140411376953,142.393293327039,138.00773375100172,141.88196729880755,83763800
2022-11-30,145.55953979492188,146.23802684928043,138.2043770255708,139.04018245155586,111380900
2022-12-01,145.8348846435547,146.64120704597443,144.16325857031342,145.73656252403373,71250400
2022-12-02,145.3432159423828,145.53004745802465,143.2192602974079,143.5240993516398,65447400
2022-12-05,144.18292236328125,148.40132070138284,143.33727415278167,145.30389650239576,68826400
2022-12-06,140.5249786376953,144.84171332835018,139.55149534602168,144.61555599946504,64727200
2022-12-07,138.587890625,140.97732977170875,137.663575645007,139.817029693259,69721100
2022-12-08,140.26931762695312,141.12480845757423,138.7451974772698,139.9841640195035,62128300
2022-12-09,139.78749084472656,143.14058484738695,138.5485094221092,139.96447961702353,76097000
2022-12-12,142.07861328125,142.0884409898644,138.7058487137347,140.31847817047847,70462700
2022-12-13,143.042236328125,147.467135331872,141.83276813492486,147.00497801337218,93886200
2022-12-14,140.82000732421875,144.2124280542218,138.80421630941913,142.9242927483946,82291200
2022-12-15,134.2219696044922,139.43352160827794,133.7598121718234,138.75503452609877,98931900
2022-12-16,132.2651824951172,135.35277902524194,131.4982009688156,134.4088086870883,160156900
2022-12-19,130.16090393066406,132.94367653807714,129.12843913282236,132.8551821275431,79592600
2022-12-20,130.09205627441406,131.0261987808424,127.72227301817315,129.19723960857664,77432800
2022-12-21,133.18946838378906,134.52677190815584,130.53453175568677,130.76068907847488,85928000
2022-12-22,130.0232391357422,132.31435609146064,128.12545567267372,132.10786913644063,77852100
2022-12-23,129.65940856933594,130.21006041152802,127.47645662054781,128.7350936895975,63814900
2022-12-27,127.85993957519531,129.21691367798962,126.57180445054807,129.18741554567987,69007800
2022-12-28,123.93653106689453,128.84325132058044,123.76936998157427,127.50594763388183,85438400
2022-12-29,127.44693756103516,128.30241331797103,125.59831560715067,125.8539710621533,75703700
2022-12-30,127.76160430908203,127.78127473228464,125.30333405560762,126.26698223669045,77034200
2023-01-03,122.98271942138672,128.7154174535332,122.09773792777466,128.10576937065363,112117500
2023-01-04,124.25119018554688,126.51280869797894,122.99255318811515,124.77234386397704,89113600
2023-01-05,122.93354034423828,125.63764564758301,122.67788488068354,125.00832719533365,80962700
2023-01-06,127.45675659179688,128.11557310740474,122.80570014344461,123.90701107409377,87754700
2023-01-09,127.97794342041016,131.18354745345354,127.72228791640812,128.292610198386,70790800
2023-01-10,128.5482635498047,129.06941726347972,125.98182082594903,128.08610610497774,63896200
2023-01-11,131.26220703125,131.28186245070447,128.28277553296553,129.0595847172529,69458900
2023-01-12,131.1835479736328,132.019353473187,129.2464237509339,131.6457054280313,71379600
2023-01-13,132.51100158691406,132.6683349676498,129.46274610687883,129.8265664212103,57809700
2023-01-17,133.67127990722656,134.99874055778392,131.89148966196402,132.57980425900854,63646600
2023-01-18,132.9534912109375,136.29674271738915,132.7764874230637,134.53662257229425,69672800
2023-01-19,133.01248168945312,133.97612225756075,131.53751520588366,131.8423392118264,58280400
2023-01-20,135.56907653808594,135.71658218378784,131.97999755468973,133.02230476612493,80223600
2023-01-23,138.75503540039062,140.92815961902411,135.59860004292767,135.81492969380113,81760300
2023-01-24,140.15133666992188,140.77082749424633,137.95855701188813,137.96838472187488,66435100
2023-01-25,139.4924774169922,140.05295679787986,136.49337633149537,138.5386646946517,65799300
2023-01-26,141.55747985839844,141.8426334902846,139.53184628445516,140.78065564701856,54105100
2023-01-27,143.49459838867188,144.77290596887224,140.69217042868402,140.7708371263728,70555800
2023-01-30,140.61346435546875,143.12091025214485,140.46597371619012,142.54076039880331,64015300
2023-01-31,141.88194274902344,141.93111130163894,139.9054929686203,140.31848180314623,65874500
2023-02-01,143.0029296875,144.16324461699494,138.961535368266,141.56730384751015,77663600
2023-02-02,148.30296325683594,148.65694079146772,145.69718026187857,146.4149930473278,118339000
2023-02-03,151.92156982421875,154.75351068440185,145.36288637728777,145.55954560277002,154357300
2023-02-06,149.19776916503906,150.54491539574025,148.26362674506663,150.0237617823619,69858300
2023-02-07,152.0690460205078,152.63936822302708,148.12597415973434,148.12597415973434,83322600
2023-02-08,149.38461303710938,152.0002240332312,148.64712974900903,151.31190929849808,64120100
2023-02-09,148.35214233398438,151.75440537570756,147.9096553354024,151.213581264491,56007100
2023-02-10,148.7165069580078,149.0414968354293,146.95369947058745,147.1900598433605,57450700
2023-02-13,151.513427734375,151.9171894883824,148.62791894110939,148.65746211757215,62199000
2023-02-14,150.87326049804688,151.43461079325414,148.56880303013764,149.8096612758476,61707600
2023-02-15,152.9709014892578,153.1383177826238,150.55811427879883,150.78461690781828,65573800
2023-02-16,151.3755340576172,153.95573796607766,151.02100096105386,151.17855953849067,68167900
2023-02-17,150.233154296875,150.6763169294936,148.55897600306773,150.03619479649413,59144100
2023-02-21,146.22494506835938,149.00212332766463,146.15601601247863,147.91882364629484,58867200
2023-02-22,146.64840698242188,147.67260518894304,144.92498541296462,146.60900607426132,51011300
2023-02-23,147.1309356689453,148.05666153497864,145.00375275195816,147.81045848665238,48394200
2023-02-24,144.48182678222656,144.95453250364176,143.50685714395402,144.87574571223192,55469600
2023-02-27,145.6734619140625,146.90447752822308,145.21059884097443,145.46665970602933,44998500
2023-02-28,145.17117309570312,146.81580770143296,144.59998020431112,144.81664009508194,50547000
2023-03-01,143.1031036376953,144.99394185647634,142.80765687884437,144.600022862706,55479000
2023-03-02,143.69395446777344,144.4818072483105,141.71447229045577,142.18719297500317,52238100
2023-03-03,148.73623657226562,148.81502337863614,145.09243318314816,145.79164167073546,70732300
2023-03-06,151.49371337890625,153.926201531547,151.1293375512549,151.4543124625378,87558000
2023-03-07,149.2975616455078,151.69064849711955,148.83469862838186,151.3656586110283,56182000
2023-03-08,150.54827880859375,151.13917230662574,149.52408044265695,150.48919246419973,47204800
2023-03-09,148.30288696289062,152.19289270805663,147.9483539187185,151.22778082054958,53833600
2023-03-10,146.24462890625,148.64757336129242,145.3681465462101,147.92866457828165,68572400
2023-03-13,148.18470764160156,150.81415467329558,145.4567733693173,145.56510332314932,84457100
2023-03-14,150.27255249023438,151.07024829967136,147.8203787096759,148.98245037600438,73695900
2023-03-15,150.6664581298828,150.92250395033966,147.64307677577528,148.8937927615987,77167900
2023-03-16,153.4829864501953,154.0837224896345,149.33692050143605,149.84902704990262,76161100
2023-03-17,152.64590454101562,154.3594833307599,151.936838491952,153.7095036146111,98944600
2023-03-20,155.00946044921875,155.4230948668754,151.80882025865256,152.71486085947325,73641400
2023-03-21,156.8609161376953,156.9790888157361,154.1625247817563,154.93069227015488,73938300
2023-03-22,155.43292236328125,159.67746084227036,155.41322191031108,156.8805976022137,75701800
2023-03-23,156.5162353515625,159.0964541870748,155.28521978995877,156.41776312286146,67622100
2023-03-24,157.81619262695312,157.90482213956633,155.45264879499626,156.44730394409444,59196500
2023-03-27,155.8760986328125,158.3282868109909,155.4723219600322,157.5108907515981,52390300
2023-03-28,155.25567626953125,156.0829301456233,153.6110412861723,155.57082346557496,45992200
2023-03-29,158.3282928466797,158.60403911493316,156.92986104995282,156.94954647836764,51305700
2023-03-30,159.8941650390625,160.0024950198449,158.8207229739758,159.07676882534926,49501700
2023-03-31,162.3955841064453,162.49407137264149,159.4510041879724,159.97295363930863,68749800
2023-04-03,163.64630126953125,163.76447396805997,161.7259197832038,161.7751634166065,56976200
2023-04-04,163.11448669433594,164.30610131295074,162.60238002597387,164.06975594835677,46278300
2023-04-05,161.2728729248047,162.54328933366952,159.34264903941414,162.2379998945446,51511700
2023-04-06,162.15924072265625,162.45468749786315,159.53963569062748,159.96309788102116,45390100
2023-04-10,159.5691680908203,159.5691680908203,157.6487867222166,158.96843186504725,47716900
2023-04-11,158.35784912109375,159.89415417908276,158.07224508795338,159.88431146406083,47644200
2023-04-12,157.6685028076172,159.5987270827998,157.35335556356011,158.77148810772155,50133100
2023-04-13,163.04556274414062,163.28192316496492,158.9684394039646,159.17525665056672,68445600
2023-04-14,162.70086669921875,163.794009087704,161.33197803499354,162.09027277975596,49386500
2023-04-17,162.72056579589844,162.87813940299813,161.53879379674336,162.58269264644778,41516200
2023-04-18,163.9416961669922,164.86742208466634,163.1341429104535,163.57732044379625,49923000
2023-04-19,165.08412170410156,165.60607111909823,163.02585218946155,163.2819130529251,47720200
2023-04-20,164.11898803710938,165.32046042282218,163.04554607797024,163.56749547193866,52456400
2023-04-21,162.51376342773438,163.92203809382642,161.99181400338804,162.54330660065614,58337300
2023-04-24,162.8190460205078,163.0849495926161,161.40091367199096,162.49405610505224,41949600
2023-04-25,161.28271484375,163.7841314779638,161.24331393654106,162.6811465088041,48714100
2023-04-26,161.2728729248047,162.76979197769046,160.32746143764658,160.58350725145092,45498800
2023-04-27,165.852294921875,166.00001080225775,162.68119712191097,162.68119712191097,64902300
2023-04-28,167.10292053222656,167.27035182365992,165.33027066122992,165.93100668148045,55275900
2023-05-01,167.0143585205078,167.86129792357815,166.07878959348815,166.70906903109534,52472900
2023-05-02,165.9802703857422,167.76279339985444,164.99545801480568,167.50673256610264,48425700
2023-05-03,164.90682983398438,168.32412999077732,164.62124085601573,166.9256982160475,65136000
2023-05-04,163.27203369140625,164.50304913491388,161.8145156138655,162.38570858289833,81235400
2023-05-05,170.93389892578125,171.65280778469676,168.1665634032941,168.38322333782398,113453200
2023-05-08,170.86495971679688,171.20965008439242,169.49607101524845,169.86044681233003,55962800
2023-05-09,169.16122436523438,170.90433143409618,168.99380806621033,170.42178299192224,45326900
2023-05-10,170.9240264892578,171.38688948895523,169.28923440637098,170.39223444016065,53724500
2023-05-11,171.1111297607422,171.93836845064925,169.55512459046415,171.20961699732078,49514700
2023-05-12,170.18417358398438,171.65356424240227,168.63587209674515,171.21964497087455,45533100
2023-05-15,169.6910858154297,170.815324358024,169.09937498339835,170.76601261404946,37266700
2023-05-16,169.6910858154297,170.74628490689332,169.42481443623242,169.61219003463674,42110300
2023-05-17,170.30250549316406,170.53917778241149,168.06388478776768,169.3360585337975,57951600
2023-05-18,172.62986755371094,172.81724313624747,170.19401507639674,170.60820660461047,65496700
2023-05-19,172.73834228515625,173.9513327998332,172.5213826746833,173.9513327998332,55809500
2023-05-22,171.79161071777344,172.2945693897219,171.05197977463047,171.57465110395842,43570900
2023-05-23,169.18812561035156,170.9829707500323,168.9119979039132,170.73642708015296,50747300
2023-05-24,169.46424865722656,170.03623176135926,168.16250594092847,168.72461766792532,45143500
2023-05-25,170.59835815429688,171.49576564962197,169.31632809947834,170.02637505144457,56058300
2023-05-26,173.0045928955078,173.3399036765556,170.7166757800904,170.92377905521317,54835000
2023-05-30,174.84877014160156,176.51540772383512,174.1288668535482,174.51347436884586,55964400
2023-05-31,174.7994384765625,176.87041104464083,174.3162075312564,174.87833424607143,99625300
2023-06-01,177.60018920898438,177.62977324467488,174.4838737017158,175.24323239604442,68901800
2023-06-02,178.4482879638672,179.2668146743205,176.78165050926717,178.52718373632618,61996900
2023-06-05,177.09727478027344,182.3930287124511,175.57855714098653,180.10511097044113,121946500
2023-06-06,176.73236083984375,177.62976831057978,174.97695616659206,177.4818481362361,64848400
2023-06-07,175.36158752441406,178.70471906299082,174.86850018805862,175.9730110061888,61944600
2023-06-08,178.0735626220703,178.33981894141047,175.0065588784877,175.44046308150416,50214900
2023-06-09,178.45816040039062,179.71059129506313,178.13272098000036,178.99068805786467,48900000
2023-06-12,181.24903869628906,181.34766218390052,178.468033910057,178.76388932505995,54274900
2023-06-13,180.7756805419922,181.60406367252176,179.91771337450308,180.27273686584886,54929100
2023-06-14,181.40682983398438,181.84074910193183,179.50351991974284,180.8348467124019,57462900
2023-06-15,183.43836975097656,183.94132853129034,181.2392041529346,181.41672344240808,65433200
2023-06-16,182.36343383789062,184.40482280312972,181.72242626645283,184.14840773628853,101256200
2023-06-20,182.4521484375,183.52709013546678,181.8604527350327,181.8604527350327,49799100
2023-06-21,181.41668701171875,182.84663717983523,180.0656175699355,182.34367850052172,49515700
2023-06-22,184.41464233398438,184.46395407144706,181.1306792503188,181.19971869233248,51245300
2023-06-23,184.09910583496094,184.9669444808385,182.45219571223123,182.98473853505004,53117000
2023-06-26,182.70858764648438,185.45015206010262,182.66913223239737,184.2470177435845,48088700
2023-06-27,185.45999145507812,185.78543087633778,183.10303478095216,183.31999439512526,50730800
2023-06-28,186.63352966308594,187.27453708797546,185.0063477089331,185.33177206150037,51216800
2023-06-29,186.96884155273438,187.4422162021352,186.32783407243755,186.4658979165552,46347300
2023-06-30,191.2882843017578,191.79122791985353,188.6157445714927,188.98063939826477,85213200
2023-07-03,189.79917907714844,191.19954526937022,189.10884478636748,191.10092178559267,31458200
2023-07-05,188.68479919433594,190.31198136153697,187.98460856583768,188.92148652956726,46920300
2023-07-06,189.15817260742188,189.36527592182694,186.58425595947688,187.21540718494302,45094300
2023-07-07,188.0437774658203,190.0062704618662,187.60987325439862,188.76369580404943,46815000
2023-07-10,186.00241088867188,187.36333679085425,184.45410938571575,186.6434184249519,59922200
2023-07-11,185.47970581054688,186.68283993061024,184.02017173211044,186.5447760995126,46638100
2023-07-12,187.14633178710938,189.04964127499804,185.86430197749195,187.057564649218,60750200
2023-07-13,187.9057159423828,188.54673850979384,187.15622860664624,187.86627557643092,41342300
2023-07-14,188.0536346435547,188.53685056119244,187.00829198764853,187.59998771190843,41616200
2023-07-17,191.3080291748047,191.6334686208352,189.1581605746784,189.2469126832782,50520200
2023-07-18,191.05162048339844,191.6433313227349,189.75973403360663,190.67688432979497,48288200
2023-07-19,192.4026641845703,195.48938034906212,189.9865244553515,190.4303150490968,80507300
2023-07-20,190.45989990234375,193.75371936128715,189.83860510668907,192.39279363664537,59581200
2023-07-21,189.2863311767578,192.27443863277517,188.58614067832426,191.4164716546598,71951700
2023-07-24,190.08517456054688,192.2153155367517,189.59208720760122,190.73605347791477,45377800
2023-07-25,190.943115234375,191.75178560391285,190.2527960456413,190.65713123041024,37283200
2023-07-26,191.8109588623047,192.9351972994816,190.64728006234532,190.99243214213982,47471900
2023-07-27,190.5486297607422,194.47359988570312,189.88789468037692,193.30992124955094,47460200
2023-07-28,193.12257385253906,193.91151654263126,191.4559363697747,191.97860770429688,48291400
2023-07-31,193.7340087890625,193.77346420221568,192.56045853696887,193.34940127389015,38824100
2023-08-01,192.90562438964844,194.01013518521242,192.5801849485631,193.52691923606866,35175100
2023-08-02,189.91749572753906,192.48154051645844,189.19759252290805,192.34347668203839,50389300
2023-08-03,188.5270233154297,189.71042999433632,188.0536636534335,188.9215022402868,61235200
2023-08-04,179.47390747070312,184.78938756590674,179.4048680308995,182.95510234495143,115956800
2023-08-07,176.37733459472656,180.59816071157974,174.89807268327345,179.6119861039443,97576100
2023-08-08,177.314208984375,177.77771228390873,175.12490000933562,177.20572916857282,67823000
2023-08-09,175.72647094726562,178.42857997538025,174.5627769846933,178.36941190145535,60378500
2023-08-10,175.50950622558594,178.25107058876787,175.14462641506705,176.9986245515979,54686900
2023-08-11,175.56871032714844,176.3883422330506,174.34421235488568,175.1045963031813,52036700
2023-08-14,177.2178955078125,177.44501774834183,175.09474782272636,175.74650562753334,43675600
2023-08-15,175.2329864501953,177.23762299403361,174.8379899652799,176.6451282666605,43622600
2023-08-16,174.36398315429688,176.30935657463468,174.29485048513217,174.9169842350172,46964900
2023-08-17,171.8261260986328,175.29226839022536,171.31261851419777,174.92689581745674,66062900
2023-08-18,172.30999755859375,172.9123770667114,169.8116075662743,170.14735612669347,61172200
2023-08-21,173.6431121826172,173.92949746098708,171.56935789788312,172.88274314562352,46311900
2023-08-22,175.01577758789062,175.46015251147782,174.0480254103657,174.8479032864534,42038900
2023-08-23,178.8571319580078,179.28176749229362,176.1019960768648,176.28962468028294,52722800
2023-08-24,174.1763916015625,178.8374232276998,173.8110039705464,178.4127876208845,54945800
2023-08-25,176.37852478027344,176.91177162464882,173.62338845938785,175.16389608553052,51449600
2023-08-28,177.9387664794922,178.33376298082638,176.31925671498092,177.8400098200833,43820700
2023-08-29,181.8196563720703,182.58991008586239,177.2573820568172,177.45488030453177,53003900
2023-08-30,185.30557250976562,185.5030858470339,182.43194029759772,182.62943856671393,60813900
2023-08-31,185.52279663085938,186.75717945843076,185.1376697913831,185.49317264844964,60794500
2023-09-01,187.09292602539062,187.54717042646476,185.92766090669275,187.1225500051064,45766500
2023-09-05,187.32992553710938,187.60642607121574,185.26604116890505,185.92766852324166,45280000
2023-09-06,180.624755859375,186.4905448774819,179.2027445739978,186.04615504969036,81755800
2023-09-07,175.3415985107422,175.98348658181322,171.37181936653653,172.9913289322691,112488800
2023-09-08,175.95387268066406,177.98814840122637,175.56874581023814,176.12176201867752,65551300
2023-09-11,177.11912536621094,178.0473836718388,175.1243584797436,177.82026144859472,58953100
2023-09-12,174.0973663330078,177.87951732730735,172.6358612060169,177.24751388848827,90370200
2023-09-13,172.03347778320312,175.08486860955094,171.8063404869434,174.30473020059844,84267900
2023-09-14,173.5443878173828,173.89989073979382,171.41137028291678,171.82612118103754,60895800
2023-09-15,172.82347106933594,174.29486087176767,171.6483512368518,174.27510652680778,109259500
2023-09-18,175.74649047851562,177.13887792290447,173.9689761950564,174.2751007250675,67257600
2023-09-19,176.83274841308594,177.38574949277796,174.91698390976052,175.30211073798526,51826900
2023-09-20,173.29747009277344,177.45486279571944,173.20858308214417,177.02035765272817,58436200
2023-09-21,171.7569580078125,174.0973581099587,171.6878404044714,172.36922214048295,63149100
2023-09-22,172.60621643066406,174.86761425499944,171.87547142547365,172.48772049861157,56725400
2023-09-25,173.880126953125,174.7590070374673,171.97423178505466,172.02361011818323,46172700
2023-09-26,169.8115997314453,173.01111068359924,169.51534481079926,172.63586851438868,64588900
2023-09-27,168.3007049560547,170.87809720821267,166.93795639924983,170.4633463371719,66921800
2023-09-28,168.55746459960938,169.8807195182162,165.5258128129139,167.2243249736919,56294400
2023-09-29,169.07098388671875,170.9077464641982,168.21184303928078,169.8708616906263,51861100
2023-10-02,171.5792236328125,172.12235512412923,168.79444856905252,169.0808338409062,52164500
2023-10-03,170.24609375,171.46073744550782,168.6858469308082,170.1078434596355,49594600
2023-10-04,171.49032592773438,172.03345733749015,168.83393190668662,168.95242782585208,53020300
2023-10-05,172.72474670410156,173.25799352598938,170.52259660006877,171.6187292983148,48527900
2023-10-06,175.2725067138672,175.76625988669193,171.0163417068709,171.6286058875163,57266700
2023-10-09,176.75375366210938,176.81300162773064,173.60360623261292,174.60098214625398,42390800
2023-10-10,176.16122436523438,177.47460937430563,175.7267192412531,175.87485420705488,43698000
2023-10-11,177.55364990234375,177.60302823490863,175.38113888285298,175.9736336691769,47551100
2023-10-12,178.4522705078125,180.06189553412176,176.80312172309905,177.82026707710477,56743100
2023-10-13,176.6155242919922,179.65703072033497,175.91438812346496,179.15340788479125,51427100
2023-10-16,176.4871368408203,176.84263973108403,174.3047411678942,174.54174811745375,52517000
2023-10-17,174.93678283691406,176.19092039981612,172.61615143845697,174.443029551946,57549400
2023-10-18,173.6431121826172,175.36137864838344,172.9222367694585,173.3863659573123,54764400
2023-10-19,173.26788330078125,175.6181383369893,173.0012523479638,173.84062376512662,59302900
2023-10-20,170.72012329101562,173.22838309388226,170.48311631376995,173.11975677949712,64244000
2023-10-23,170.83860778808594,171.8359838309846,167.80695589693704,168.77472302133776,55980100
2023-10-24,171.27308654785156,171.50020876645127,169.3079436842464,170.8879597127696,43816600
2023-10-25,168.96234130859375,170.89784530264086,168.51795139973865,169.73259505065448,57157000
2023-10-26,164.8048858642578,169.23879350124648,163.60012726477575,168.2414027363452,70625300
2023-10-27,166.11830139160156,166.8490614359056,164.745668316651,164.82467062426355,58499100
2023-10-30,168.16244506835938,169.03145545417337,166.7601878982554,166.90832288755587,51131000
2023-10-31,168.63645935058594,168.76482492650203,165.80230595130433,167.23420217717043,44846000
2023-11-01,171.79647827148438,172.05322449399938,167.99457285522465,168.86358325166134,56934900
2023-11-02,175.35150146484375,175.5588693503195,173.26786256268767,173.32711052996643,77334800
2023-11-03,174.44297790527344,174.61086723243213,171.1842192438163,172.06309922812656,79829200
2023-11-06,176.99073791503906,177.18823614800198,174.00847994055556,174.17635419198152,63841300
2023-11-07,179.54840087890625,180.1606499568927,176.73400192517136,176.9413698079054,70530000
2023-11-08,180.6050262451172,181.15802736111343,179.32126504404005,180.07177947416378,49340300
2023-11-09,180.1310272216797,181.81965455110011,179.53851741631973,180.67415869856794,53763500
2023-11-10,184.31369018554688,184.48180071812672,181.47581782404296,181.91089548671326,66133400
2023-11-13,182.73159790039062,183.94782669363863,182.1482051958573,183.74018560328048,43627500
2023-11-14,185.34205627441406,186.0045554032819,184.21481647353394,185.59914075952597,60108400
2023-11-15,185.9056396484375,187.3789678351275,185.67821821290843,185.74744196041772,53790500
2023-11-16,187.58663940429688,188.82264852852316,186.5384909930313,187.44820698590362,54412900
2023-11-17,187.5668487548828,188.24912816814668,186.4593894684262,188.12057839811112,50922700
2023-11-20,189.30715942382812,189.7620174322178,187.75473976876387,187.76462241033667,46505100
2023-11-21,188.50624084472656,189.37639617894334,187.61632022600733,189.26762676216626,38134500
2023-11-22,189.16871643066406,190.77057938008178,188.6940931656517,189.3467095850447,39617700
2023-11-24,187.84371948242188,188.76330300712377,187.13177703645835,188.73363999587542,24048300
2023-11-27,187.6657257080078,188.53588093642713,186.78568783853885,187.79427548166112,40552600
2023-11-28,188.26890563964844,188.9413024556769,187.2800983304318,187.65584993609482,38415400
2023-11-29,187.2504425048828,189.93999969621768,186.85492560121705,188.76331653900834,43014200
2023-11-30,187.8239288330078,188.18979776505014,186.08363355367433,187.71515943504943,48794400
2023-12-01,189.09951782226562,189.4159283197641,187.11200544734405,188.19969953750024,45704800
2023-12-04,187.30975341796875,187.92282418358675,185.35191925319242,187.85360043262926,43389500
2023-12-05,191.25509643554688,192.2241233156588,188.05135551468544,188.081033613139,66628400
2023-12-06,190.16741943359375,192.58009647341478,189.95976327032974,192.27356863697858,41089700
2023-12-07,192.09559631347656,192.81742141001197,191.42319951100376,191.46276025185608,47477700
2023-12-08,193.51947021484375,193.79633503305183,191.50229501018384,192.0263616366492,53406400
2023-12-11,191.01779174804688,191.3243346926335,189.27749628821252,190.9485830810774,60943700
2023-12-12,192.53067016601562,192.54055280703432,189.57413099725628,190.9189094878757,52696900
2023-12-13,195.7443084716797,195.78385412672148,192.66911702808835,192.90642113434447,70404200
2023-12-14,195.89260864257812,197.38570218691584,193.96443748585023,195.80361960949875,66831600
2023-12-15,195.35865783691406,196.17935458626624,194.79503045579114,195.3190970971854,128538400
2023-12-18,193.69744873046875,194.42917151631295,192.214237877434,193.89520715993984,55751900
2023-12-19,194.7357177734375,194.7456004150459,193.69746706046115,193.96444926391277,40714100
2023-12-20,192.64932250976562,195.46741418063525,192.64932250976562,194.69614571593394,52242800
2023-12-21,192.50096130371094,194.87410742508595,191.3341761539009,193.90508068005738,46482500
2023-12-22,191.43309020996094,193.22282892375426,190.81013681243016,192.9953923922105,37149600
2023-12-26,190.88925170898438,191.719846217368,190.6717128965979,191.44298138124012,28919300
2023-12-27,190.9881134033203,191.3342019743918,188.9511728919884,190.33551208827305,48087700
2023-12-28,191.41331481933594,192.48122849088116,191.00790021395272,191.96704448132198,34049900
2023-12-29,190.3750457763672,192.22411038080966,189.5839970121992,191.7297067892047,42672100
2024-01-02,183.5621795654297,186.33084291740326,181.83176685644636,185.0552730997862,82488700
2024-01-03,182.18775939941406,183.79952025374087,181.37693010719954,182.15809638511382,58414500
2024-01-04,179.8739471435547,181.04073256447913,178.85547678867908,180.1112512492328,71983600
2024-01-05,179.152099609375,180.7144169560074,178.15340966673114,179.95304619735901,62379700
2024-01-08,183.48309326171875,183.52265400582175,179.46853775144191,180.05193047893468,59144500
2024-01-09,183.06776428222656,183.0776469225398,180.68473531069785,181.86141829199212,42841800
2024-01-10,184.10601806640625,184.31365913260458,181.8614214601624,182.28661640904596,46792900
2024-01-11,183.51275634765625,184.9564217479187,181.56480461990643,184.45212033242825,49128400
2024-01-12,183.83905029296875,184.64987951630312,183.11722519297732,183.97748271061099,40477800
2024-01-16,181.57469177246094,182.1976301200088,178.90489995610474,180.12114381484557,65603000
2024-01-17,180.63531494140625,180.8825167727283,178.281963767062,179.24110807963172,47317400
2024-01-18,186.5187225341797,187.02300881659582,183.75005912545993,184.0071435872404,78005800
2024-01-19,189.4159393310547,189.80157360580037,186.70661676571424,187.21090309791916,68903000
2024-01-22,191.71983337402344,193.14371820043874,190.1080727596782,190.14763349819026,60133900
2024-01-23,192.99542236328125,193.55904982724218,191.66054141727486,192.83722464512005,42355600
2024-01-24,192.322998046875,194.18196038829024,192.16478527569066,193.23269884918452,53631300
2024-01-25,191.99671936035156,194.07322080915367,190.94858599423335,193.03497008475262,54822100
2024-01-26,190.2663116455078,192.58011726192578,189.79168833424328,192.09561130867766,44594000
2024-01-29,189.58401489257812,190.04875551955823,187.4580852833725,189.86087972294905,47145600
2024-01-30,185.93533325195312,189.65325866018404,185.37172089064353,188.80288370915284,55859400
2024-01-31,182.33602905273438,185.00582037875986,182.28660076654825,184.9464792769375,55467800
2024-02-01,184.7685546875,184.85754373397813,181.7625867762094,181.93068222666935,64885400
2024-02-02,183.76983642578125,185.2332669548565,177.24370243482153,177.84687547061628,102551700
2024-02-05,185.57936096191406,187.13179578344227,183.75995901240586,186.04410163536497,69668800
2024-02-06,187.1812286376953,187.19111127921153,184.67954732588265,184.76853636353553,43490800
2024-02-07,187.2899932861328,188.91163664571195,186.49894443287428,188.50622203381667,53439000
2024-02-08,186.21221923828125,187.41855040104747,185.25307484073457,187.27023532431497,40962000
2024-02-09,186.97454833984375,188.10322646586073,186.13298359451971,186.77652244170517,45155200
2024-02-12,185.29141235351562,186.796321504533,184.9349868995182,186.54880424779185,41781900
2024-02-13,183.20237731933594,184.36077144619387,181.68757282391297,183.92513863049606,56529500
2024-02-14,182.3212127685547,183.6875129162611,180.62820312290157,183.4796068721132,54630500
2024-02-15,182.03408813476562,182.65783644316613,179.5490203671251,181.72716915991907,65434500
2024-02-16,180.49951171875,183.01429592290478,179.8658680410646,181.59848912459182,49752500
2024-02-20,179.75694274902344,180.6182980286837,178.2124373755958,179.98465441119404,53665600
2024-02-21,180.5093994140625,181.0737309260645,178.86588113831095,180.13316833455778,41371400
2024-02-22,182.53900146484375,183.12315360761588,180.64798131414128,181.65784073265692,52292200
2024-02-23,180.70742797851562,183.2023913936763,180.42029946099493,183.17269052734747,45119700
2024-02-26,179.36093139648438,180.94503297704767,178.85598645977296,180.4302078946742,40867400
2024-02-27,180.81629943847656,182.09348175278842,177.77678047240937,179.3014951345761,54318900
2024-02-28,179.61831665039062,181.30143093346823,178.34113428414614,180.69748823755316,48953900
2024-02-29,178.95497131347656,180.75690414056305,177.74708592784262,179.46981142225187,136682600
2024-03-01,177.87583923339844,178.73719461826045,175.61848262618554,177.76693101518828,73563100
2024-03-04,173.36109924316406,175.14321147352493,172.06409607852763,174.4006596751229,81510100
2024-03-05,168.4305419921875,170.33147275577412,167.93550746706842,169.0641855800497,95132400
2024-03-06,167.4404754638672,169.53943215491887,167.00484265804033,169.36121186741923,68587700
2024-03-07,167.3216552734375,169.0344703547855,166.81672553933012,167.47015957545335,71765100
2024-03-08,169.0344696044922,171.97497562938204,167.26225281020422,167.32165453074688,76267000
2024-03-11,171.03443908691406,172.6482565736913,170.34139373001014,171.2225546353428,60139500
2024-03-12,171.50967407226562,172.30173241116674,169.31171935776177,171.43046672764987,59825400
2024-03-13,169.43052673339844,171.4700666239107,169.06419090034882,171.05423942259554,52488700
2024-03-14,171.28192138671875,172.5789092413306,170.34135894390695,171.19281881058188,72913500
2024-03-15,170.9057159423828,170.9057159423828,168.59885322457814,169.47011882986195,121752700
2024-03-18,171.99481201171875,175.94519331439105,171.79680120539754,173.82644596151624,75604200
2024-03-19,174.3313446044922,174.85607994565953,171.31163124958826,172.6086191723699,55215200
2024-03-20,176.8956298828125,176.8956298828125,173.3511809805003,173.97492929704185,53423100
2024-03-21,169.66810607910156,175.7273381457555,169.1433707597941,175.29170540355622,106181300
2024-03-22,170.56910705566406,171.33146450930536,168.37115239719608,170.05426688241553,71160100
2024-03-25,169.1533203125,170.23249206020807,167.76721443821097,168.87610215909345,54288300
2024-03-26,168.02462768554688,169.71763732680742,167.8959138727621,168.31174106723407,57388400
2024-03-27,171.5888671875,171.87599567632833,168.42064920188324,168.71767294274684,60273300
2024-03-28,169.77703857421875,170.51959037094832,168.81667037520143,170.0443614510728,65672700
2024-04-01,168.3414306640625,169.54931605122675,167.79688969325008,169.48991432845702,46240500
2024-04-02,167.1632537841797,167.65828830624176,166.55931106297376,167.40087579338118,49329500
2024-04-03,167.9652099609375,168.98497988400436,166.90584392266877,167.11374996517486,47691700
2024-04-04,167.14346313476562,170.21266810452119,167.14346313476562,168.59885072968464,53704400
2024-04-05,167.89590454101562,168.69785802201392,167.27215623034843,167.90579979250484,42104800
2024-04-08,166.77713012695312,167.51968192191484,166.5692240844266,167.3513719945941,37425500
2024-04-09,167.98500061035156,168.39093251447707,166.67811742351924,167.02463249925154,42373800
2024-04-10,166.11378479003906,167.4107728345435,165.45044033625643,167.12365945587084,49709300
2024-04-11,173.30166625976562,173.71750852250418,166.49000200344838,166.6682071669761,91070300
2024-04-12,174.79669189453125,176.5887144383463,172.47993396851362,172.52942533467058,101670900
2024-04-15,170.9750213623047,174.8758957155582,170.78690583147454,173.6185038309996,73531800
2024-04-16,167.69790649414062,172.0343988146065,166.59892920522176,170.04436539186383,73711200
2024-04-17,166.33160400390625,168.95528100035153,166.33160400390625,167.9256158132339,50901200
2024-04-18,165.3811492919922,166.96526602396756,164.896025062108,166.36132321946832,43122900
2024-04-19,163.36138916015625,164.74747975255278,162.45052746983075,164.559379327856,68149400
2024-04-22,164.1930389404297,165.59893510418706,163.13367296874276,163.8762247169617,48116400
2024-04-23,165.24253845214844,165.39105789202225,163.2822057253187,163.70794332424896,49537800
2024-04-24,167.34149169921875,167.6187098522012,164.5593998092657,164.8861093338651,48251800
2024-04-25,168.20285034179688,168.91570135131437,166.48012455092012,167.84642483703811,50558300
2024-04-26,167.61868286132812,169.63841695172266,167.49986430971396,168.19292468782604,44838400
2024-04-29,171.77696228027344,174.2818355072499,171.38094074443057,171.64824848286057,68169400
2024-04-30,168.63845825195312,173.25218351807536,168.31173366197407,171.6086653165762,65934800
2024-05-01,167.61868286132812,170.9948217396029,167.43056733625505,167.8959009696714,50383100
2024-05-02,171.31166076660156,171.69778712393833,169.19291342760516,170.79682058773386,94214900
2024-05-03,181.55885314941406,185.14289799826793,180.84600228009177,184.796367814728,163224100
2024-05-06,179.9054718017578,182.37073431535399,178.62827413884693,180.53911545314375,78569700
2024-05-07,180.58859252929688,183.06376520709566,179.51933122687228,181.6281680754234,77305800
2024-05-08,180.92523193359375,181.25195654794928,179.6480343404535,181.03414013837894,45057100
2024-05-09,182.737060546875,182.82616313989396,180.30148392023486,180.74701199258516,48983000
2024-05-10,181.4779510498047,183.50042466657956,180.56585391849484,183.3120539854214,50759500
2024-05-13,184.68020629882812,185.4931713127623,183.03445892506747,183.84742393900163,72044800
2024-05-14,185.82032775878906,186.68286641073877,184.69011878206607,185.89964252722956,52393600
2024-05-15,188.09066772460938,189.0126735344407,185.76084369802737,186.29621459797372,70400000
2024-05-16,188.2096405029297,189.458829238671,188.03119361367854,188.83423487080034,52845200
2024-05-17,188.2393798828125,189.1713095252472,187.55530322495105,187.8824709799172,41282900
2024-05-20,189.3993377685547,190.2717851507536,187.38677266186554,187.70403175639103,44361300
2024-05-21,190.69808959960938,191.07481584379752,189.28036268210627,189.44890089382775,42309400
2024-05-22,189.26052856445312,191.16405275409193,188.63594934473116,190.61877317517173,34648500
2024-05-23,185.27503967285156,189.3596513961204,185.027186725998,189.33981892460397,51005900
2024-05-24,188.3484649658203,188.943318272004,186.42512308727407,187.1984384364121,36327000
2024-05-28,188.3583526611328,191.34249703943843,187.47599667367734,189.86528785982966,52280100
2024-05-29,188.65576171875,190.5989356775744,187.88246165547932,187.98160889548626,53068000
2024-05-30,189.6471710205078,190.52952698465035,188.99285067972127,189.12172393667825,49889100
2024-05-31,190.5989532470703,190.9162123421418,188.27905284340878,189.7959119633218,75158300
2024-06-03,192.36366271972656,193.31542486412093,190.86663609575578,191.24336235629542,50080500
2024-06-04,192.68092346191406,193.64259428823095,191.3722523931234,192.96842627855952,47471400
2024-06-05,194.1878662109375,195.20901937445223,193.19645419760306,193.72190135445058,54156800
2024-06-06,192.80978393554688,194.81244022862765,192.50244866402238,194.0093990023229,41181800
2024-06-07,195.19911193847656,195.2486855650071,192.47272888451312,192.978343568532,53103900
2024-06-10,191.4614715576172,195.60558138834554,190.49980075281104,195.20900753042525,97010200
2024-06-11,205.3709716796875,205.38089548057218,191.96709351098235,191.98691085726122,172373300
2024-06-12,211.24014282226562,218.30889945026047,205.1231180281253,205.58908283581826,198134300
2024-06-13,212.40008544921875,214.88852380834695,209.782758705521,212.8957913864929,97862700
2024-06-14,210.66514587402344,213.32212283006638,209.48536314811375,212.01346682824212,70122700
2024-06-17,214.80923461914062,217.06965275202606,210.89316027395952,211.53757201804441,93728300
2024-06-18,212.4496612548828,216.75240063817128,211.1707464886947,215.72132373307375,79943300
2024-06-20,207.87925720214844,212.40010854906527,207.0563985691976,212.09275812722348,86172500
2024-06-21,205.70806884765625,210.07027533194446,205.33132746963062,208.58315742215362,241805100
2024-06-24,206.3524627685547,210.87329840415435,204.81577136869439,205.93607160503834,80727000
2024-06-25,207.2744903564453,209.56464939365068,206.8184342324815,207.35378999494392,55549700
2024-06-26,211.4185791015625,213.01475280094434,208.83099354238436,209.68360834691896,66213200
2024-06-27,212.2612762451172,213.88719102122272,210.52630556394234,212.84620558696906,49772700
2024-06-28,208.8111572265625,214.21436386520998,208.49391330369318,213.91693728719588,82542700
2024-07-01,214.88853454589844,215.64200216221636,210.10001313722785,210.26855134899324,60402900
2024-07-02,218.37832641601562,218.48738234159504,213.2527281692765,214.29369867156123,58046200
2024-07-03,219.64732360839844,219.64732360839844,217.1489612238199,218.11063203893852,37369800
2024-07-05,224.3961639404297,224.5052198536283,219.7464397478406,219.7464397478406,60412400
2024-07-08,225.8634796142578,225.89322076278884,221.3327197032473,225.13973799267995,59085900
2024-07-09,226.71607971191406,227.42989753320916,224.4259205051531,225.97252074204383,48076100
2024-07-10,230.97914123535156,231.07828847688273,227.28117906796422,227.3307526887298,62627700
2024-07-11,225.61563110351562,230.39422897123262,223.83108651749725,229.40281699319425,64710600
2024-07-12,228.5601043701172,230.64207551688347,226.71607753741577,226.9540218514806,53046500
2024-07-15,232.38694763183594,235.1926451763578,231.08820043911544,234.44908623752588,62631300
2024-07-16,232.8033447265625,234.24088892580107,230.3347237014565,232.98179160349451,43234300
2024-07-17,226.91436767578125,229.47221227385296,224.69359950369105,227.47946461019197,57345900
2024-07-18,222.25474548339844,228.46099458072425,220.36115997030524,228.30236502251043,66034600
2024-07-19,222.3836212158203,224.85224251867803,221.36246807560826,222.88925101284036,49151500
2024-07-22,222.03662109375,225.82380677595344,221.174082433242,225.06041535891617,48201800
2024-07-23,223.07760620117188,224.9910392063895,220.7676144514488,222.44310313331528,39960300
2024-07-24,216.6631622314453,222.86941075843336,215.26528287042115,222.07627816799848,61777600
2024-07-25,215.6221923828125,218.95333716975932,212.77682977395946,217.04981289629316,51391200
2024-07-26,216.08815002441406,217.6050090608147,214.15488466672127,216.8217851678197,41601300
2024-07-29,216.36573791503906,217.41663210574902,213.89711684474761,215.0967318967012,36311800
2024-07-30,216.9209442138672,218.43780333279796,214.26395224147618,217.3075942808937,41643800
2024-07-31,220.17276000976562,221.89782218872546,218.7352157578384,219.53825698895486,50036300
2024-08-01,216.48471069335938,222.55214689360594,215.15622233135366,222.44309097566543,62501000
2024-08-02,217.97183227539062,223.66254232334134,215.84030263063204,217.2679231335739,105568600
2024-08-05,207.4727783203125,211.66644653820467,194.31673780556494,197.38019703112641,119548600
2024-08-06,205.45028686523438,208.18659343179937,199.34320096724198,203.53686913101606,69660500
2024-08-07,208.01805114746094,211.80523672133984,204.61750047992084,205.12311510057037,63516400
2024-08-08,211.4781036376953,212.36045976406422,207.03658185433542,211.27982425167653,47161100
2024-08-09,214.38291931152344,214.91827509282652,210.1495861717322,210.2784745623819,42201600
2024-08-12,215.91146850585938,217.8767320905019,213.9958359256548,214.4623401059105,38028100
2024-08-13,219.6236572265625,220.2390393048837,217.380462936734,217.380462936734,44155300
2024-08-14,220.0702667236328,221.37051708688293,218.06529253738043,218.9288294958838,41960600
2024-08-15,223.0479736328125,223.67329096872731,221.10255033510867,222.9288713384501,46414000
2024-08-16,224.36807250976562,225.14226768918678,221.98592068094572,222.25391598005478,44340200
2024-08-19,224.20924377441406,224.30850577318623,221.3804434072076,224.04051049270504,40687800
2024-08-20,224.82464599609375,225.47973889834265,223.7725353535306,224.0901616619868,30299000
2024-08-21,224.71546936035156,226.28371522001356,223.37552309496598,224.8345868015738,34765500
2024-08-22,222.859375,226.64102413052154,222.2340576918725,226.09511339685906,43695300
2024-08-23,225.15219116210938,226.52192810531062,222.66087229355688,223.98097823318813,38677300
2024-08-26,225.48965454101562,225.58891654674125,222.22414052811973,225.0727813784282,30602200
2024-08-27,226.3333282470703,227.14723425887112,223.21669220638537,224.31843379232603,35934600
2024-08-28,224.80479431152344,228.14971479709,224.0008084384826,226.22414704916858,38052200
2024-08-29,228.0802459716797,231.18696212304621,227.1770283167567,228.3879521456165,51906300
2024-08-30,227.29611206054688,228.68568922028223,225.78741746908054,228.4772602189495,52990800
2024-09-03,221.1124725341797,227.29611365629745,219.52437135882835,226.84946493362216,50190600
2024-09-04,219.20677185058594,220.12984491677884,215.86183603349318,220.01074262314262,43840200
2024-09-05,220.7253875732422,223.80231295165626,219.87178579311316,219.9809679444758,36615400
2024-09-06,219.17698669433594,223.56409767944487,218.13479623481732,222.28368749781316,48423000
2024-09-09,219.26632690429688,219.6236489368284,215.09757995493325,219.17700018247805,67180000
2024-09-10,218.47227478027344,219.83207646515766,215.1174187834135,217.29112653781655,51591000
2024-09-11,221.00331115722656,221.4301044903715,216.26879790334314,219.81224273641337,44587100
2024-09-12,221.1124725341797,221.88666769221828,218.18442519080247,220.8444772424724,37455600
2024-09-13,220.84446716308594,222.3730019797634,220.25886075018875,221.91643313573508,36766600
2024-09-16,214.71047973632812,215.60377723416104,212.32832783334672,214.92882889414335,59357400
2024-09-17,215.17697143554688,215.28615358843467,212.904016801209,214.14471619981742,45519300
2024-09-18,219.04795837402344,221.05293280374121,215.92138686335736,215.9313221513165,59894900
2024-09-19,227.16709899902344,228.11004268622213,222.95865620671253,223.31597824995185,66781300
2024-09-20,226.50209045410156,231.355706137216,225.9264040870641,228.258925130642,318679900
2024-09-23,224.78494262695312,227.742765583781,224.12984974700805,225.64846451262724,54146000
2024-09-24,225.67823791503906,227.64351653597865,224.05044101841318,226.94871280288095,43556100
2024-09-25,224.68569946289062,225.59885242729763,222.3531936181764,223.2564112941643,42308700
2024-09-26,225.82711791992188,226.79982188690562,223.73281698946673,225.6087536412769,36636700
2024-09-27,226.09510803222656,227.81224676693589,225.60876359989413,226.76013618443497,34026000
2024-09-30,231.266357421875,231.266357421875,227.9412771261621,228.3283747151782,54541900
2024-10-01,224.52687072753906,227.94126237482303,222.07524777401002,227.81223995033787,63285000
2024-10-02,225.09262084960938,225.67822726420644,221.36060293586246,224.209243584203,32880600
2024-10-03,223.9908905029297,225.12240767637772,221.65838486968212,223.46483520314058,34044200
2024-10-04,225.11251831054688,226.30358679092132,222.46238601950515,226.2043247736995,37245100
2024-10-07,220.04049682617188,224.01073444452058,219.68317483471031,222.8295863298211,39505400
2024-10-08,224.0901641845703,224.298593199742,221.58890998571715,222.63110049734397,31855700
2024-10-09,227.8321075439453,228.04055170887608,223.1571606453159,223.554178398676,33591100
2024-10-10,227.33580017089844,227.7923841625437,225.47971892420364,226.0851807689644,28183500
2024-10-11,225.85691833496094,227.70307961960657,225.6484741750507,227.5938974682738,31759200
2024-10-14,229.5790252685547,230.00581860221664,226.89911753216435,226.99836439928595,39882100
2024-10-15,232.11004638671875,235.7229623804217,230.6410474142004,231.87182665313995,64751400
2024-10-16,230.05540466308594,230.39287120683147,228.12983710309095,229.87675125001607,34082200
2024-10-17,230.4226837158203,232.11004699556463,228.8048220166126,231.69315867439417,32993800
2024-10-18,233.25149536132812,234.4227083661851,232.2688559498539,234.4227083661851,46431500
2024-10-21,234.72047424316406,235.08773156933626,232.7055796017645,232.7055796017645,36254500
2024-10-22,234.10508728027344,234.4624093106695,230.86934872103873,232.14974382855843,38846600
2024-10-23,229.04302978515625,233.39044533687328,226.0653512199268,232.33833466706656,52287000
2024-10-24,228.85443115234375,229.10257100562325,226.71049918514768,228.26880958821053,31109500
2024-10-25,229.68821716308594,231.48474758840828,227.86191116183892,228.03064447383113,38802300
2024-10-28,231.66336059570312,232.983466430484,230.8196941830456,231.58396917060392,36087100
2024-10-29,231.93136596679688,232.5864588417728,230.59141979007921,231.36561495313973,35417200
2024-10-30,228.387939453125,231.7328600109945,227.8420287171323,230.87925826342104,47070900
2024-10-31,224.2291259765625,228.11995749798112,223.69313535160188,227.63359787833264,64370100
2024-11-01,221.25143432617188,223.67328184782377,218.6310779402587,219.32586653780092,65276700
2024-11-04,220.35812377929688,221.13231895883285,218.0752491010658,219.34572401852256,44944500
2024-11-05,221.78741455078125,222.28369429475046,219.49460455688452,220.14969745378525,28111300
2024-11-06,221.06283569335938,224.38791581537038,219.54422098922427,220.95365355112233,54561100
2024-11-07,225.7874298095703,226.18446269494834,222.89909318788202,222.95864433437472,42137700
2024-11-08,225.51914978027344,227.20835428792034,224.9726384261151,225.72780810336752,38328800
2024-11-11,222.80645751953125,224.26712634517858,220.0937933412938,223.5715733715174,42005600
2024-11-12,222.80645751953125,224.15782408060912,221.94198562097503,223.1244332571579,40398300
2024-11-13,223.69082641601562,225.2111120360391,221.34580821096,222.58787261698694,48566200
2024-11-14,226.77113342285156,227.41700079571672,223.5715745650122,223.5914518391994,44923900
2024-11-15,223.57156372070312,225.47937257835642,222.8462024481905,224.96266960797624,47923700
2024-11-18,226.57241821289062,228.28149999782985,223.74050538640262,223.8199993254601,44633700
2024-11-19,226.8307647705078,228.6988344551977,225.22105418122663,225.53901477922054,36211800
2024-11-20,227.5461883544922,228.47027695087482,224.45593165289552,226.61215353970658,35169600
2024-11-21,227.06924438476562,228.69883223369175,224.2770861035494,227.42695953023323,42108300
2024-11-22,228.41065979003906,229.25526960886552,226.6121530455377,226.6121530455377,38168300
2024-11-25,231.3916473388672,231.76923980537,228.2815280858828,229.99061008110968,90152800
2024-11-26,233.56771850585938,234.07449047305911,231.84870566104107,231.84870566104107,45986200
2024-11-27,233.43856811523438,234.19375305105456,232.3256831511884,232.98149686010998,33498400
2024-11-29,235.82333374023438,236.30028225823045,232.4846637904217,233.31932748739487,28481400
2024-12-02,238.06893920898438,239.26131787624368,235.65437354492806,235.76367580720535,48137100
2024-12-03,241.10952758789062,241.21882985808793,237.3833345065081,238.28756099978403,38861000
2024-12-04,241.46725463867188,242.56027739454964,239.7184333911867,241.32814402991647,44383900
2024-12-05,241.49705505371094,242.98753231090083,240.59284370740727,242.4410361127995,40033900
2024-12-06,241.29832458496094,243.0769692456264,240.5431549096241,241.36788746709487,36870600
2024-12-09,245.18348693847656,245.67038159068719,240.21522985765637,240.29472379037958,44649200
2024-12-10,246.19703674316406,246.63424582967986,243.7824557106041,245.32261857013248,36914800
2024-12-11,244.9251708984375,249.20780656351602,244.69662013013263,246.3858398593606,45205800
2024-12-12,246.38583374023438,247.1608807008323,244.12029436088807,245.32261935264157,32777500
2024-12-13,246.5547332763672,247.7073574078961,244.6767326870094,246.24670376010008,33155300
2024-12-16,249.44627380371094,249.7841268474892,246.07779571830554,246.4156487620838,51694800
2024-12-17,251.87075805664062,252.2185421189052,248.19425082976375,248.49234928857376,51356400
2024-12-18,246.47525024414062,252.66569465886903,246.16722071424974,250.559158393614,56774100
2024-12-19,248.20419311523438,250.400169527173,245.5213371883983,245.92873792847348,60882300
2024-12-20,252.87440490722656,253.3811617724802,244.13026766465495,246.4653398622687,147495300
2024-12-23,253.64944458007812,254.0270218726176,251.84099141600396,253.1526187871241,40858800
2024-12-24,256.5608215332031,256.5707374276886,253.66927695641888,253.868019379837,23234700
2024-12-26,257.3755798339844,258.44874034869076,255.99442012888886,256.55086249805703,27237100
2024-12-27,253.96739196777344,257.05766400729357,251.45345479939442,256.19316170058187,42355300
2024-12-30,250.59889221191406,251.8906421270002,249.15810064436016,250.6287005424076,35557500
2024-12-31,248.83021545410156,251.6720594492945,247.84649497663966,250.83739579916153,39480700
